Date,Melt Index- Lab,Hydrogen Concentration,Alkyl,Catalyst,Electron Donor,Hydrogen Flow,Propylene,Recycle Gas ,Density, Level,Production Rate,Residence,Catalyst Activity,Reactor Solids,Total BTU's,Agitator Amps,Al/Ti Ratio,Alkyl/Donor Ratio,Reflux Liquid Flow,Reactor PSIG,Lower Jacket temp,Btms Temp.,Reactor Temp
,,ppm,PPH,LB/HR,PPH,SCFH,GPM,SCFH,SPGR,INCHES,LB/HR,MIN,lb/hr*lb,%,Btus,AMPS,lb/lb,lb/lb,GPM,PSIG,DEG F,DEG F,DEG F
4/1/2004 0:00,18.6,4621,13.91,10.7,2.4,2333.7,293.6,276786.8,0.5,60.5,47327.9,59.4,17041.7,61.2,41175292,169.4,78,9.9,1180.7,476.8,164,164,164.2
4/1/2004 0:10,,,14.04,10.6,2.5,2361.7,289.8,271525.7,0.5,61.4,46578.3,60.3,16508.1,61,40523112,163.2,76.6,9.8,1146.5,479.5,164,163.9,164.2
4/1/2004 0:20,,,13.94,10.2,2.4,2242.1,286.3,270078.9,0.5,60.9,47753.4,60.5,17021.3,62.6,41545432,167.4,77.7,9,1061.8,477.9,164,163.9,163.9
4/1/2004 0:30,,,14.08,10.1,2.5,2268,282.7,272401.1,0.5,60.1,47311.7,60.9,18991.1,62.4,41161208,165.3,72.5,10.1,1184.3,477.7,164,163.9,163.8
4/1/2004 0:40,,,13.97,10.9,2.4,2348.6,285.1,272508,0.5,59.8,47916.9,60.3,18327.8,63.3,41687712,166.8,80.9,10.3,1141.9,477.6,163.9,163.9,163.7
4/1/2004 0:50,,,14.06,9.8,2.3,2356.4,289,274722.8,0.5,58.9,47389.2,59.3,17240.9,61.8,41228584,166.2,75.1,9.4,1105,477.4,163.9,163.9,163.6
4/1/2004 1:00,,,14.08,10.7,2.3,2260.9,291.5,266121.4,0.5,58.7,46535.5,59.3,18938.8,60.7,40485872,170.4,82.9,8.9,1108.8,477.2,163.9,164,163.5
4/1/2004 1:10,,,14.14,10.5,2.3,2191.2,289.8,264114.3,0.5,60.2,47020.9,59.1,17444.8,60.9,40908176,164.9,78.8,9.7,1137.3,477,163.9,164,163.5
4/1/2004 1:20,,,14.06,10.2,2.4,2236.8,288,261382.8,0.5,61.4,45113.5,59.7,18557.6,58.8,39248712,163.1,76.9,10.3,1025.8,478.5,163.9,164,163.7
4/1/2004 1:30,18.6,4621,14.01,10.7,2.4,2233.2,284.8,269176,0.5,61.8,46065.5,61.1,16318.1,61.4,40076944,164.5,77.2,10.2,1084.3,477,164,164,164
4/1/2004 1:40,,,13.82,10.3,2.2,2178.5,280.6,271837.4,0.5,61.8,46646,62.7,18397.7,64.2,40582008,165.8,78.1,11,1170.7,477.6,164,164,164.2
4/1/2004 1:50,,,14.21,11.2,2.2,2188,278.2,253236.8,0.5,60.1,45314.2,61.2,16668.1,61.3,39423384,167.9,82.3,9.9,1097.8,478,164,164,163.8
4/1/2004 2:00,,,13.98,9.9,2.3,2243.5,283.5,268550.3,0.5,58.8,46261,60.5,17527.2,62.1,40247088,167.3,72.6,9.6,1031.9,477.2,164.1,164,164
4/1/2004 2:10,,,13.99,11.2,2.4,2177,281.6,270157.5,0.5,58.8,45374,59.6,17170.8,59.9,39475348,162.3,83.1,9.9,1035.5,478.6,164.1,164,164.1
4/1/2004 2:20,,,13.98,9.8,2.4,2213.9,286.9,273205.6,0.5,59.6,45912,59.9,16890.3,60.7,39943456,162,72.5,10.3,1038.8,476.9,164.2,164,163.8
4/1/2004 2:30,,,13.9,10.9,2.2,2158.7,288.5,276714.7,0.5,60.3,45202,60.4,17398,60.2,39325712,162,83.7,10.1,1064.8,478.7,164.2,164,164.1
4/1/2004 2:40,,,14.05,9.9,2.3,2138.8,282.1,275590.5,0.5,61,46503.8,61,17170,61.9,40458336,158.5,74.6,10,1062.5,476.9,164.2,164,163.9
4/1/2004 2:50,,,13.86,11.1,2.2,2219.4,279,280253.7,0.5,60.9,45401.8,61.3,16883.8,61.2,39499540,163.7,84.4,9.7,1133.9,478.2,164.2,164,163.9
4/1/2004 3:00,,,13.64,10,2.3,2233.2,277.1,275919.2,0.5,60.9,46046.8,61.4,17477.9,62,40060704,163.4,72.7,9.2,1129.7,476.9,164.2,164,164.1
4/1/2004 3:10,,,13.69,11.2,2.3,2161.8,276.1,273038.7,0.5,60.3,45510.9,61.6,16615.5,61.7,39594464,163.3,80,9.4,1116.4,478.4,164.2,164,164.2
4/1/2004 3:20,,,13.95,10.3,2.4,2184.5,278.6,273694.7,0.5,59.4,45879.4,61.6,17608.9,62.6,39915044,164.6,72,9.8,1089.3,477.3,164.2,164,164
4/1/2004 3:30,18.1,4564,14.05,11.2,2.4,2193.6,282.9,274018.4,0.5,59.3,45098.1,60.2,16707.3,60.3,39235344,161.4,79.4,9.9,1076.3,478.2,164.2,164.1,163.8
4/1/2004 3:40,,,13.95,10.4,2.4,2289.1,282.9,289461.2,0.5,59.6,46215.6,60.4,18473.2,61.4,40207528,166.3,75.5,10.3,1041.4,477.5,164.2,164.1,163.9
4/1/2004 3:50,,,13.86,10.6,2.4,2304,281,264403.3,0.5,60,44325.3,59.6,16020.9,58.7,38563040,160.9,78,10.4,1133.8,478.6,164.2,164.1,163.9
4/1/2004 4:00,,,13.82,10.6,2.3,2251.3,284,290497.1,0.5,60.5,45224.8,61,17766,61,39345556,160.4,81.1,10.6,1078.4,476.9,164.2,164.1,164
4/1/2004 4:10,,,13.74,10,2.3,2225.4,283.8,269290.8,0.5,61,44019.1,61.7,15257.3,60.1,38296624,159.4,76.2,10.5,1068.9,478.6,164.2,164.1,164
4/1/2004 4:20,,,14.58,11.6,2.4,2262.6,282,268366.7,0.5,61,44633,62.1,15669,61.3,38830704,157.3,82,10.4,1122.8,477.5,164.1,164.1,164.1
4/1/2004 4:30,,,14.58,10.7,2.4,2280.7,275.3,268375.7,0.5,60.1,45129.4,62.1,17093.3,62.3,39262536,159.2,75.5,10.5,1135.6,478.4,164.1,164.1,164.1
4/1/2004 4:40,,,14.59,11.5,2.3,2314.3,276.8,272517.7,0.5,59.4,45733.1,61.3,15486.6,62.4,39787772,158.9,78.2,10.2,1132.1,476.8,164.1,164.1,163.8
4/1/2004 4:50,,,14.43,11.1,2.3,2244.6,278.2,275301.5,0.5,58.9,45717.4,60.3,17342.3,61.7,39774180,158.4,81.3,10.1,1109.2,478.6,164.1,164.1,164
4/1/2004 5:00,,,14.55,10.5,2.3,2190,286.3,281515.1,0.5,58.8,45930.9,59.8,17101.9,61.6,39959900,163.5,71.7,9.8,1060.6,479.2,164.1,164.1,164.1
4/1/2004 5:10,,,14.64,11,2.3,2272.9,286.6,285209.4,0.5,59.4,45475.4,59.3,15635.2,60.1,39563620,161.7,76.8,10.2,1118.8,479.9,164.1,164.1,164
4/1/2004 5:20,,,14.41,11.4,2.3,2360.6,282.7,273797.3,0.5,60.3,47276.8,59.9,17630.9,62.6,41130832,157.4,85,10,1115.5,478.1,164.1,164.1,164
4/1/2004 5:30,19.8,4502,14.44,10.8,2.3,2293.4,283.9,275242.1,0.5,60.9,47650.9,60.7,18305.6,63.6,41456244,166.3,72.6,9.7,1135.3,478.9,164.1,164.1,164
4/1/2004 5:40,,,14.73,10.6,2.3,2292,280,283774.2,0.5,59.8,47595.6,60.7,16122.3,63.5,41408184,162.3,75.6,9.8,1207.1,478,164.1,164.1,163.9
4/1/2004 5:50,,,14.29,11.6,2.3,2236.8,285.9,276768.1,0.5,58.6,47172.8,59.8,16757.8,62.3,41040376,165.8,79.7,10.4,1144.6,477.4,164.1,164.2,163.9
4/1/2004 6:00,,,14.6,11.6,2.4,2339,296.7,277670.7,0.5,57.9,47192,58,17816.9,60.4,41057024,162.4,83.1,10.8,1180.9,477.3,164.1,164.2,163.9
4/1/2004 6:10,,,14.67,10.5,2.3,2346.8,292.2,276081.6,0.5,59.4,46403.1,59.2,18073.8,60.5,40370680,163.3,72.5,10.5,1136.8,478.5,164,164.1,163.7
4/1/2004 6:20,,,16.04,11.2,2.3,2304.7,294.3,276295.8,0.5,60.5,47379.7,59.3,16284.7,61.3,41220304,163.5,64.5,8.4,1071.9,476.7,164,164.1,163.6
4/1/2004 6:30,,,14.33,12.2,2.3,2265.1,290.4,272989.2,0.5,61.6,47078.7,59.6,16177,62,40958464,161.8,77.7,10.5,1162.9,478.1,164,164.1,163.9
4/1/2004 6:40,,,14.27,10.9,2.3,2303.6,284.5,262683.7,0.5,61.4,48696.4,60.8,18685.7,64.6,42365848,162,76.4,9.9,1089.1,477.2,164,164.1,164
4/1/2004 6:50,,,14.26,11,2.3,2376.9,282.9,266465.9,0.5,60.3,47509,59.7,16316.7,62.4,41332868,167.7,76.3,9.3,1172.2,477.9,164,164,164
4/1/2004 7:00,,,14.2,11.5,2.4,2328.1,286.2,280062.2,0.5,59.4,47345.3,60.1,17292.7,62.8,41190408,162,82.6,9.5,1164.9,478.2,163.9,164,164
4/1/2004 7:10,,,14.41,10.3,2.5,2308.9,289,261397,0.5,59.1,47423.7,59.1,17220.7,61.9,41258656,163.7,73.6,10,1093.7,477.4,163.9,164,164
4/1/2004 7:20,,,14.34,11.7,2.5,2298,293.3,262614.9,0.5,59.6,47950.4,58.8,17383.9,61.8,41716864,164.1,80.5,10.2,1030.8,478.6,163.9,164,164
4/1/2004 7:30,19.6,4586,14.7,10.7,2.4,2227.9,291.3,270346.1,0.5,60,47622.6,58.3,18477.7,61,41431656,167.5,72.8,10.4,1194,478.7,163.9,163.9,164.1
4/1/2004 7:40,,,14.64,11.5,2.3,2274.7,290.1,260198.8,0.5,60.3,48393.8,59,17424.5,62.3,42102624,164.6,77.5,9.8,1063.4,477.9,163.9,163.9,164
4/1/2004 7:50,,,14.25,10.5,2.4,2287.3,292.5,272266,0.5,60.5,48455.6,60.7,18332,64,42156372,165.4,72.4,9.5,1096.1,477.3,163.8,163.9,164
4/1/2004 8:00,,,14.38,11.1,2.5,2252.4,288.9,266183.3,0.5,60,48934.3,59.1,18562.7,62.9,42572876,168.7,85.1,10.2,1089.2,476.8,163.8,163.9,163.9
4/1/2004 8:10,,,14.33,10.3,2.5,2217.7,291.2,275665.1,0.5,60.1,46842.2,58.9,19164.7,60.4,40752712,166.3,78.1,10.5,1058.5,476.4,163.8,163.8,163.6
4/1/2004 8:20,,,14.4,11.1,2.4,2230.8,289,270212.6,0.5,61,48265.6,59.9,17908.7,63.3,41991104,170.3,84,10.6,1069.8,477.4,164.1,163.7,164
4/1/2004 8:30,,,14.69,10,2.3,2242.8,287.9,271280.9,0.5,60.9,45357.3,60.1,17973.2,59.4,39460880,172.1,76.9,10.3,1097,475.1,163.6,163.5,163.6
4/1/2004 8:40,,,14.68,12,2.3,2339.7,280.5,262988.8,0.5,61.9,41495.7,61.9,14102.7,55.7,36101224,163.2,81.8,9.7,945.6,476.1,163.4,163.5,163.2
4/1/2004 8:50,,,14.72,11.1,2.5,2185.1,275.9,283144.4,0.5,62.5,45862.2,62.4,16150.9,62.6,39900104,160.9,69.6,9.6,1095.3,478.7,164.1,164,164.5
4/1/2004 9:00,,,14.48,11.9,2.6,2212.1,400,296718.8,0.5,52.5,48656.8,45,22017.7,49.9,42331436,161.8,74,9.9,1034.9,477.7,164.2,164.3,164.2
4/1/2004 9:10,,,14.46,11.4,2.5,2246.4,290,264676.5,0.5,58.4,46035.6,58.3,17527.4,59.5,40050944,157.6,74.1,10.5,1127.9,479.6,164.2,164.3,163.9
4/1/2004 9:20,,,14.54,10.8,2.4,2302.9,290.7,273017.8,0.5,60.2,47292.3,58.8,15815.6,61.2,41144268,160.7,70.2,10.6,1186.9,478.6,164.2,164.2,164
4/1/2004 9:30,19.8,4579,14.55,11.9,2.3,2272.9,290.2,264421.8,0.5,61,47753.2,58.8,17286.9,61.9,41545280,162.5,78.2,9.9,1063.2,478.1,164.2,164.2,164.1
4/1/2004 9:40,,,14.49,10.7,2.3,2211,287.7,264211.9,0.5,60.9,48127.3,59.9,16580,63.7,41870764,159.5,69.4,9.5,1185.7,477.7,164.2,164.2,164.2
4/1/2004 9:50,,,14.43,11.4,2.5,2223,290,272604.4,0.5,59.4,49653.8,59.4,18661.7,64.6,43198772,164.5,83.3,9.8,1155.5,477.4,164.2,164.2,164.2
4/1/2004 10:00,,,14.49,10.2,2.5,2278.2,293.2,265944,0.5,58.2,48694.2,59.3,17571.8,62.9,42363932,161.2,75,10.4,1217.8,477,164.2,164.2,164.2
4/1/2004 10:10,,,14.58,11.3,2.4,2311.8,296.4,273407.4,0.5,58.5,48613.8,58.8,18786.7,62.4,42294020,164.5,85.8,10.3,1163,477,164.2,164.1,163.9
4/1/2004 10:20,,,13.32,9.3,2.1,2280,300.2,258676.4,0.5,59.4,47855.2,57.2,19445.3,59.8,41633984,165.5,73.3,9.6,1151.9,477.2,164.3,164.1,163.8
4/1/2004 10:30,,,13.1,10.2,2.1,2161.8,291.8,263139.4,0.5,61.8,46929.3,59.4,19900,60.5,40828512,164.1,80,9.2,1038.6,478.5,164.3,164.1,163.9
4/1/2004 10:40,,,13.04,10.5,2.3,2197.2,287.3,273491.1,0.5,62.7,46201.7,61,17203.2,60.5,40195504,164.2,78.9,9.8,1103.5,477.1,164.3,164.1,163.8
4/1/2004 10:50,,,13.26,9.5,2.3,2187.6,282.6,261082.1,0.5,62.3,46022.2,62.1,18617.1,62,40039332,161.5,72.9,10.4,1085.7,477.5,164.3,164,164.5
4/1/2004 11:00,,,13.38,10.5,2.1,2141.3,276.6,277590,0.5,61.6,44870,62.8,17339.5,61.8,39036888,162.3,83.7,10.6,1091.1,477.9,164.3,164,163.9
4/1/2004 11:10,,,13.06,10.1,2.1,2137.1,277.8,280099.6,0.5,61.4,46453.1,62.5,16644.2,63.6,40414180,157.3,77.4,9.2,1189.8,478.9,164.3,164,164.4
4/1/2004 11:20,,,13.26,9.5,2.3,2138.6,273.4,272124.8,0.5,60,46881.8,63.6,18293.9,65.2,40787196,160.8,74.3,10.1,1101.7,477.5,164.3,164,164.2
4/1/2004 11:30,18.6,4502,13.24,9.6,2.2,2152.6,276.1,270495.3,0.5,57.9,46472.9,61.5,20263.9,63.2,40431440,166.9,86.4,10.2,1030.7,477.1,164.3,164,163.9
4/1/2004 11:40,,,13.32,10,2.1,2183.4,288.1,287889.3,0.5,57.6,45294.6,59.9,19138.8,60,39406276,161.1,87.8,9.6,1133.7,476.6,164.4,163.9,163.8
4/1/2004 11:50,,,13.14,9.7,2.2,2098.1,286.3,276188.5,0.5,59.4,44614.6,58.7,18397.1,58.2,38814664,166,81.3,9.6,1071.8,476.2,164.4,163.9,163.7
4/1/2004 12:00,,,13.06,9.5,2.2,2173.1,279.9,277517.7,0.5,62.5,44044.4,60.8,16287.6,59.1,38318604,164.1,74.9,10.6,1116.8,480.4,164.4,164.1,164.3
4/1/2004 12:10,,,13.22,9.6,2.2,2151.5,274.9,280841.6,0.5,63.1,45632.2,62.6,19213.6,62.6,39700008,154.9,72.2,9.3,1138.7,478.6,164.4,164.3,164.3
4/1/2004 12:20,,,13.35,10.2,2.3,2122.1,270.2,271878,0.5,61.8,45749.6,64.3,17896.3,64.2,39802180,163.8,85.3,10.5,1042.4,478.2,164.4,164.3,164.2
4/1/2004 12:30,,,13.22,10.7,2.1,2122.1,268.8,273368,0.5,59.1,45911.1,63.9,16923.7,64.8,39942696,162.2,81.4,9.5,1037.4,477.8,164.4,164.3,164.2
4/1/2004 12:40,,,13.29,10.5,2.3,2177.4,279.5,282625.5,0.5,57.2,46329.2,62.5,16794.4,64.1,40306428,161.8,78.7,9.8,1105.8,477.5,164.4,164.4,164.1
4/1/2004 12:50,,,13.2,9.3,2.2,2095,298.8,272095,0.5,59.6,46313.8,58,18060.8,58.9,40292968,166.8,74,10.2,1118.1,477.2,164.4,164.4,164.1
4/1/2004 13:00,,,13.27,9.4,2.2,2107.7,287.3,275968.7,0.5,63.1,46324,61.3,18381.5,61.1,40301916,163.5,71.8,9.8,1087.5,478.8,164.4,164.4,164.2
4/1/2004 13:10,,,13.03,9.9,2.2,2172.5,277.3,287245.6,0.5,63.4,47591.3,62.9,19578.9,64.4,41404468,164.1,77,10.4,1076.7,478,164.5,164.5,164.2
4/1/2004 13:20,,,13.22,9.8,2.1,2154,276,268528.8,0.5,61,46698.8,63.7,19065.5,64.5,40627968,166.7,88.3,9.4,1115.9,477.4,164.5,164.5,164.1
4/1/2004 13:30,19.6,4555,13.01,10.1,2.3,2138.8,277.3,277624.2,0.5,58.2,46253.8,61.8,18921.1,63.1,40240832,164.6,88.8,9.9,1113.9,477.1,164.6,164.5,164.2
4/1/2004 13:40,,,13.22,10.3,2.1,2122.1,287.8,267090.5,0.5,57.4,45721.6,59.5,18843.7,60,39777768,165.2,85.4,9.4,1114.7,476.9,164.6,164.5,164.2
4/1/2004 13:50,,,13.09,10,2.4,2186.3,287.6,264197.8,0.5,58.6,45863.5,59.2,18110.4,59.3,39901264,162.6,82.4,10.3,1064,476.6,164.7,164.6,164.2
4/1/2004 14:00,,,13.09,9.3,2,2150.2,293.9,260668.2,0.5,60.3,45681.8,59.4,18005.6,59.3,39743184,160.4,80.7,9.6,1138.6,476.3,164.7,164.6,164.2
4/1/2004 14:10,,,13.16,9.2,2.2,2104.1,286.9,267260.2,0.5,61.4,45708.7,60.4,20072.4,60.2,39766540,157.1,76.1,9.3,1099.3,476,164.8,164.6,164.1
4/1/2004 14:20,,,13.1,9.3,2.2,0,283.3,264442.1,0.5,60.5,44467.5,60.5,20175.8,59.2,38686752,160.8,81.2,10.8,1089.6,475.5,164.8,164.7,164
4/1/2004 14:30,,,13.37,9.3,2.2,BAD DATA,285.6,277179,0.5,58.8,44278.7,59.7,20703.4,58.6,38522436,153.9,86.6,9.4,1076.8,472.9,164.9,164.7,164.4
4/1/2004 14:40,,,13.06,9.7,2.2,BAD DATA,308.8,270556.3,0.5,57.2,44427.8,55.2,20880.5,54.8,38652208,158,87.8,10.5,1160.3,478.2,165.5,165.4,165.8
4/1/2004 14:50,,,13.07,9.7,2.2,1587.1,305.5,252118.9,0.5,61.6,46764.4,57,21697.4,58.1,40685068,156.9,84.8,9.4,1190.4,478.7,166.9,166.6,167.1
4/1/2004 15:00,,,13.12,9.3,2.1,1714,292.6,263719.2,0.5,63.8,47388.6,58.3,22595.8,60.5,41228108,151.2,81.8,9.7,1188.7,475.7,166.5,166.4,166.5
4/1/2004 15:10,,,13.24,8.9,2.3,1606.9,280.1,264511.9,0.5,64.4,45731.2,61.8,19497.6,61.3,39786132,155,74.1,10.1,1157.2,474,166.4,166.2,166
4/1/2004 15:20,,,13.4,8.6,2.2,1617.8,271.8,251749.9,0.5,63.3,45932.4,63.4,18148.1,63.5,39961148,155.8,78.6,9.2,1199.9,473.6,166.3,166.1,166
4/1/2004 15:30,15.1,2671,13.23,9,2,1581.1,270.2,274621,0.5,60.3,45889.6,63,17599.1,64.1,39923980,158.5,73.5,9.3,1134,473.1,166.2,166,165.9
4/1/2004 15:40,11.5,,13.28,9.1,2.2,1602.2,279.3,271799.7,0.5,56.7,44722.1,60.8,16854.3,60.8,38908252,158.6,78.4,10.8,1078.9,471.6,165.9,165.8,165.2
4/1/2004 15:50,,,13.58,9.8,2.3,1693.5,284.7,260539,0.5,57.6,45368,59.7,17473.6,60.1,39470120,156.8,83.6,9.5,1183.4,472.1,165.6,165.5,165.3
4/1/2004 16:00,,,13.26,10,2.1,1593.1,292.2,274590.3,0.5,58.9,46152.1,58.1,19504.4,59.4,40152288,160.3,81.6,10,1121,470.2,165.3,165.3,165.1
4/1/2004 16:10,,,13.19,10.1,2.4,1616.7,284.1,280302.2,0.5,61.2,45469,59.9,18689.7,60.2,39558000,158.8,85.8,10.2,1166.9,470.5,165.2,165.2,164.9
4/1/2004 16:20,,,13.32,10.4,2.1,1512.7,278.5,263577,0.5,62.7,45285.8,61.5,18263.6,61.2,39398688,156.6,84.1,9,1206.4,470.1,165,165.1,164.9
4/1/2004 16:30,,,13.16,9.8,2.2,1661,274.6,267268.8,0.5,61.6,45060.7,62.6,18515.6,62.5,39202832,154.2,86.5,10.5,1093.7,469.8,164.9,165.1,165
4/1/2004 16:40,,,13.1,9.9,2.4,1655.7,270.2,286509.6,0.5,61.5,46053.9,63.3,18956.2,64.1,40066920,153.2,89.3,9.7,1209,469.4,164.9,165,164.9
4/1/2004 16:50,,,13.1,9.6,2,1588.4,273,295214.3,0.5,59.1,46305,62.6,20034.6,64,40285352,163.4,86.5,9.2,1212.1,469,164.9,165,164.8
4/1/2004 17:00,,,12.8,9.1,2.2,1606.9,289.6,274673.3,0.5,59.4,46639.1,59,21627.1,60.6,40575976,159.1,80.5,10.5,1122.3,470.3,164.9,164.9,164.7
4/1/2004 17:10,,,13.1,9.1,2.3,1656.3,285.4,257463.4,0.5,60.1,46189.7,59.2,20429.5,60,40185028,161.9,76.6,10,1157,469.8,164.8,164.9,164.6
4/1/2004 17:20,,,13.1,8.8,2.2,1551.7,286.8,274870.3,0.5,60.5,46834.4,60.1,19264.1,61.6,40745916,160.5,74.8,9.2,1120.9,469.3,164.8,164.8,164.6
4/1/2004 17:30,10.8,2786,13.4,9.1,2.1,1571.5,282.5,258936.1,0.5,61.4,46453.4,61.1,17777,62,40414424,159.8,78.9,10.6,1113.2,468.8,164.8,164.8,164.6
4/1/2004 17:40,,,13.3,9.9,2.2,1635.9,281,266521.2,0.5,60.5,44773.7,61,17586.4,60.6,38953076,158.6,81.3,10.5,1167.7,469.4,164.7,164.7,164.3
4/1/2004 17:50,,,13.2,10,2.4,1575.1,279.6,273003.7,0.5,60.5,46180.5,62.1,19100.8,62.8,40177060,160.1,88.7,9.8,1096.3,470,164.7,164.7,164.5
4/1/2004 18:00,,,13.1,8.9,2.3,1551.1,278.1,266775.9,0.5,60,44974.9,61.5,20473.1,60.9,39128180,161.7,76.4,9.3,1189.1,470.2,164.7,164.6,164.5
4/1/2004 18:10,,,13.1,8.8,2.1,1590.2,279.7,269203.5,0.5,59.6,44990.3,60.9,18004.5,61.1,39141604,155.4,74.7,9.6,1079.1,470.3,164.7,164.5,164.3
4/1/2004 18:20,,,13.3,9.4,2.2,1578.2,281.4,272744.8,0.5,59.1,45664.3,60.2,17645.6,60.9,39727956,158.5,80,10.6,1167.3,470.5,164.6,164.5,164.4
4/1/2004 18:30,,,13.3,10.4,2.3,1544.6,284.8,267658.2,0.5,59.6,45076.4,60.8,18239.8,60.4,39216444,160.4,84,9.8,1145.1,470.6,164.6,164.4,164.3
4/1/2004 18:40,,,13.4,9.5,2.2,1684.6,280.4,274199.2,0.5,60.3,44763.7,60.2,19756.1,59.8,38944420,156,87.7,9.3,1087.2,470.7,164.6,164.4,164.2
4/1/2004 18:50,,,13,9.4,2.2,1636.5,280.3,259748.3,0.5,61.8,43633.5,61.4,19236.1,59.3,37961104,160.1,82.2,10.7,1056.4,470.9,164.5,164.3,164.2
4/1/2004 19:00,,,13.2,9.8,2,1534.8,273.5,265949.3,0.5,61.6,42875.5,62.3,18099,59.5,37301672,159.8,88.1,9.5,1126.4,471,164.4,164.3,164.2
4/1/2004 19:10,,,13.1,9.4,2.1,1560.2,271,261477.7,0.5,61.4,42557.6,63,18197.6,60,37025076,156.7,80.2,10.3,1088.1,471.2,164.3,164.3,164.3
4/1/2004 19:20,,,13.8,10.1,2.4,1670.1,265.7,270892.7,0.5,61.8,41565.5,63.5,15782.5,59.4,36161960,153.5,73.9,10.3,1124.2,471.3,164.4,164.3,164.4
4/1/2004 19:30,11.8,2998,13.9,9.8,2.4,1592,263,265662.7,0.5,60,43657.4,63.3,15752.6,62.4,37981968,156.4,72.3,9.5,1119.6,470.7,164.7,164.4,164.4
4/1/2004 19:40,,,13.8,9.8,2.1,1590.2,266.8,271730,0.5,58.2,44037.5,61.8,15917.2,62.1,38312620,155.2,72.5,9.9,1032.8,470.2,164.7,164.4,164.2
4/1/2004 19:50,,,13.8,10.1,2.3,1650.3,276.1,276695.8,0.5,57.3,43987.6,60.1,15654.4,60.8,38269192,156.5,74.2,10.4,1051.2,470.5,164.6,164.4,164.2
4/1/2004 20:00,,,13.9,10.4,2.4,1624.5,281.4,266545.5,0.5,57.9,44696.3,59,16273.6,60,38885776,154,74.6,10.1,1124.3,470.8,164.6,164.4,164.3
4/1/2004 20:10,,,14,11.2,2.4,1590.2,280.5,278933.4,0.5,60,44234.8,60.2,15775.5,59.9,38484232,153.8,77.3,9.5,1064.1,471.1,164.6,164.4,164.1
4/1/2004 20:20,,,13.8,11,2.2,1572.6,278.1,265854.3,0.5,61.4,44091.5,59.9,16118.4,59.8,38359588,154.3,81.2,10,1035.4,471.4,164.5,164.4,164.1
4/1/2004 20:30,,,13.9,11.1,2.3,1638.8,276.8,279367.7,0.5,61.2,44911.6,60.9,16713.3,61.7,39073056,156.9,80.2,10.6,1165.6,471.1,164.5,164.4,164.4
4/1/2004 20:40,,,14.1,10.7,2.4,1640.1,274.6,267364.1,0.5,60.3,45104.9,61.8,17253.7,62.5,39241256,154.9,85.2,10.1,1190.1,470.4,164.5,164.4,164.3
4/1/2004 20:50,,,13.9,10.3,2.4,1507.2,275.4,272080.8,0.5,58.9,45260.2,61.7,17758.5,62.9,39376348,154.8,76.5,9.4,1182.3,469.8,164.5,164.5,164.2
4/1/2004 21:00,,,13.8,9.9,2.2,1605.1,283.5,276830.5,0.5,58.6,45737,60.4,16394.3,61.9,39791180,158.4,73.7,9.4,1132.7,469.8,164.4,164.5,164.1
4/1/2004 21:10,,,14,11,2.3,1665.2,286.8,272398.6,0.5,58.8,46081.2,59.9,16750.6,61.5,40090684,163.7,78.5,10.5,1087.3,469.9,164.4,164.5,164.1
4/1/2004 21:20,,,13.7,11.2,2.4,1512.1,283.8,284327.4,0.5,60.1,46464.8,60.3,17528.8,62.1,40424352,160.9,80.5,9.6,1092.2,470,164.4,164.5,164
4/1/2004 21:30,11.8,2976,14,10.8,2.1,1545.7,280.2,278450,0.5,61.2,46396.3,61,17887.2,62.5,40364788,163.7,83.8,10.3,1125.6,470.1,164.3,164.5,164.2
4/1/2004 21:40,,,13.8,10.3,2.5,1637,279.1,290363.8,0.5,60.5,46132,61.3,18424.3,62,40134864,159.9,76.7,9.9,1200.6,470.3,164.3,164.5,164.1
4/1/2004 21:50,,,14.3,9.6,2.2,1586,278.3,275613.3,0.5,60.3,46332.6,60.9,17169.1,61.9,40309360,166.2,73,9.4,1182.6,470.4,164.4,164.5,164.1
4/1/2004 22:00,,,13.9,10,2.4,1614.7,279.6,271387.6,0.5,59.6,46300.8,61.6,16240,62.9,40281720,162.4,75.4,10.2,1196.6,470.5,164.4,164.5,164.1
4/1/2004 22:10,,,13.8,11.1,2.2,1582.9,281.3,277956.6,0.5,59.2,46771.2,61.6,16677.2,63.1,40690908,163.6,78.6,10.2,1114.9,470.6,164.5,164.6,164
4/1/2004 22:20,,,13.9,11.1,2.4,1627.4,285.2,282663.1,0.5,59.8,46702,61,17153.2,62.7,40630700,163.2,81.8,9.8,1093.9,470.7,164.5,164.6,164
4/1/2004 22:30,,,14,10.8,2.2,1564.8,280.9,290022,0.5,60.2,46918.1,61.4,18119.4,62.8,40818712,167,83,10.6,1214.1,470.8,164.5,164.6,163.9
4/1/2004 22:40,,,13.8,10.4,2.3,1602.2,281.4,279521.9,0.5,60.2,46863.6,61.6,18594.7,62.6,40771360,166.6,79.3,9.3,1206.4,471,164.6,164.6,163.9
4/1/2004 22:50,,,13.9,10,2.3,1620.3,281,295169.9,0.5,60.9,45882.5,62.4,17804.8,61.7,39917748,170.7,73.7,11,1180.1,471.1,164.6,164.6,164
4/1/2004 23:00,,,14,9.8,2.2,1662.4,279.8,276913,0.5,60.1,46655,62.9,17663,63.6,40589888,169.9,72.6,9.7,1221.6,471.2,164.7,164.6,164.1
4/1/2004 23:10,,,13.4,9.4,2.4,1593.1,277.5,283770.6,0.5,59.6,46183.6,63,16901.5,63.1,40179724,165.7,71.5,9.7,1133.4,471.3,164.7,164.6,164.1
4/1/2004 23:20,,,13.1,9.7,2.1,1580,279,288867.5,0.5,59.6,45598.4,62.5,16206.5,61.8,39670644,162.6,74.3,9.8,1186.4,473.6,164.7,164.6,164.7
4/1/2004 23:30,,3047,13.1,10.4,2.4,1668.8,280.2,275208.1,0.5,60.1,45216.8,62.1,16520.5,60.9,39338616,165.5,76.9,9.8,1159.4,473.2,164.6,165,164.7
4/1/2004 23:40,,,13.2,10.8,2.1,1653.9,280.1,278789.2,0.5,60.9,44556.2,62.6,16675.3,60.6,38763888,163.2,80.9,9.8,1145,472.8,164.5,164.9,164.8
4/1/2004 23:50,,,12.9,10.6,2.2,1573.3,268.4,299979,0.5,62.1,44647.4,64.7,16581.4,62.6,38843200,163.8,81.2,9.4,1138.8,472.4,164.4,164.8,164.7
4/2/2004 0:00,,,13.1,10.3,2.1,1577.5,267.1,288845.8,0.5,62,39582.7,64.8,15103.8,55.6,34436908,170.2,81.1,10.5,1014.3,469,164.3,164.3,163.8
4/2/2004 0:10,,,14.7,11.4,2.3,1551,259.3,292154.1,0.5,63.8,40567.1,67.2,13605.5,59.5,35293352,163.4,82.5,9.3,1108,473.1,164.6,164.6,165.1
4/2/2004 0:20,,,14.4,11.7,2.4,1533.7,250.5,282732.9,0.5,63.1,41755.5,68.8,12787,63.3,36327300,158,79.4,9.1,1117.6,474,164.8,164.8,164.9
4/2/2004 0:30,,,14.4,11.1,2.5,1544.6,248.7,290986.3,0.5,59.4,42764.7,67.6,13174.3,64.8,37205248,163.6,76.6,9.6,1170.4,475.1,165,165,165.3
4/2/2004 0:40,,,14.5,11.1,2.5,1510.7,261.4,280348.3,0.5,55.6,44724.9,64.1,14174.3,64.5,38910704,162.6,75.4,10.5,1094.7,475,165,165,165.1
4/2/2004 0:50,,,14.4,10.9,2.3,1458,281.5,284027.5,0.5,54.4,44978.9,60.1,15223.9,61.5,39131676,159.5,75,9.4,1043.6,473.2,165.1,165,164.9
4/2/2004 1:00,,,14.3,10.5,2.5,1558.4,287.1,296023.7,0.5,56.6,46027,58.9,16038.2,60.7,40043532,159.3,72.4,9.7,1142.8,474.5,165.1,165,165.1
4/2/2004 1:10,,,14.4,10.3,2.4,1536.8,285.8,279230.2,0.5,59.8,47095.6,59.8,17098.7,62,40973184,161,72,10.5,1128.2,474.3,165.1,165,165
4/2/2004 1:20,,,14.4,10.5,2.3,1469.3,285.4,285676.3,0.5,61.4,48184.1,60.1,18131.7,63.6,41920160,159.1,72,9.8,1152,474.1,165.1,165,165
4/2/2004 1:30,12,2974,14.5,10.8,2.4,1500,280.5,270598.2,0.5,60.9,47421.7,61.5,18000.1,63.9,41256904,163.9,75.4,9.6,1231.2,473.9,165.1,165,165.1
4/2/2004 1:40,,,14.5,11.1,2.5,1572.2,280.7,266933.1,0.5,59.1,48138.1,60.4,18254.8,63.9,41880136,162.2,79.4,10,1182.9,473.7,165.1,165,165.1
4/2/2004 1:50,,,14.4,11.2,2.4,1554.6,283.9,285246.6,0.5,58.6,47931.9,61.3,17822,64.5,41700744,162.8,81,10.2,1148.2,473.4,165.1,165,165
4/2/2004 2:00,,,14.5,11.3,2.3,1531.9,288.4,283293.4,0.5,58.9,48151.1,59.7,17995.4,62.4,41891424,164.6,82.2,9.2,1178.7,473.2,165.1,165,165.1
4/2/2004 2:10,,,14.5,11.9,2.6,1542.1,290.7,270663.6,0.5,59.6,48385.7,59.3,17287.6,62.4,42095520,164.7,80.9,10.1,1160.4,473,165.1,165,165
4/2/2004 2:20,,,14.1,10.9,2.3,1516.3,294.1,272298.3,0.5,60.3,47873.8,59.7,17654.4,61.9,41650220,164.9,80.9,10.5,1149.5,473,165.1,165,164.8
4/2/2004 2:30,,,13.9,10.5,2.2,1585.3,291.6,279261.3,0.5,60.5,47456.6,60.6,16782.9,62,41287208,167.9,78.2,10.2,1175.9,473.8,165.1,165,165
4/2/2004 2:40,,,13.7,9.7,2.2,1573.3,284.1,282200.4,0.5,61.4,47120.6,61.7,16897.4,62.5,40994964,166.3,73.4,9.4,1202.6,474.6,165.1,165,165.1
4/2/2004 2:50,,,14,10.2,2.4,1508.9,282.2,260544.7,0.5,60.5,47295.5,61.5,18100.9,63,41147100,167.7,72.3,9.5,1196.1,474.5,165.1,165,165
4/2/2004 3:00,,,13.8,10.7,2.3,1510.3,282,271253.2,0.5,60.3,48016.3,60.5,18804,63,41774192,164.6,84.3,9.7,1181.7,474.4,165.1,165,164.9
4/2/2004 3:10,,,13.7,11,2.4,1561.3,283.9,291641.7,0.5,58.8,47728.6,61.5,17975.4,63.6,41523892,177.2,81.5,9.9,1161.5,474.2,165.1,165,164.9
4/2/2004 3:20,,,13.8,11.1,2.3,1563.3,289.8,275652.8,0.5,59.1,48743.3,59.6,18556.8,63.3,42406696,170.4,79.6,10.4,1151.3,474.1,165.1,165,165
4/2/2004 3:30,12.8,2934,13.8,11.1,2.2,1551,291.5,277124.7,0.5,59.1,48806,59.4,18405.4,62.7,42461196,167.8,78.1,10,1242.3,474,165.1,165,165
4/2/2004 3:40,,,13.9,11.1,2.3,1514.5,293.6,292073.4,0.5,60.3,48790.5,60,18181,63,42447740,167.4,79.5,9.2,1207.3,473.8,165.1,165,165
4/2/2004 3:50,,,13.1,10.7,2.3,1574,286.8,273121.6,0.5,61.2,48240,61.1,18336.9,63.1,41968772,171.1,78.4,10.5,1191,473.7,165.1,165,165
4/2/2004 4:00,,,13.2,10.8,2.1,1557.7,287.5,271197.5,0.5,61,48899,62,18375.3,65.1,42542124,174.5,77.6,9.8,1178.7,473.6,165.1,165,165.1
4/2/2004 4:10,,,13.1,10.7,2.2,1552.8,284.5,286725.5,0.5,60.9,47563,61.8,17480.8,63.1,41379820,169.8,77.9,9.1,1149.5,473.4,165.1,165,165.1
4/2/2004 4:20,,,13.2,10.9,2.3,1504.7,282.7,288136.2,0.5,59.8,48560,61.8,18118.8,65.2,42247204,169.5,79.2,10.1,1179.4,473.3,165.1,165,165.1
4/2/2004 4:30,,,13.2,10.5,2.1,1598.7,283.4,276554.6,0.5,59.4,46969.7,61,17995.7,62.1,40863616,170,77.8,10.2,1221.7,473.2,165.1,165,165.1
4/2/2004 4:40,,,13.1,10.9,2.2,1564.4,286.7,275726.3,0.5,59.1,47551.5,61.1,18166.5,62.4,41369788,171.1,80.7,9.4,1171,473,165.1,165,165
4/2/2004 4:50,,,13.1,10.8,2.4,1524.1,284.9,286734.8,0.5,59.8,46746.3,61.6,17988.4,61.8,40669312,169.6,78.9,9.9,1182.2,472.9,165.1,165.1,164.8
4/2/2004 5:00,,,13.1,10.6,2.2,1505.4,283.8,282637.3,0.5,61.4,45918.5,62.2,17515.1,61.4,39949116,170.4,81.2,10.3,1070.6,473.9,165.1,165.1,164.9
4/2/2004 5:10,,,13,10.6,2.2,1560.6,276.2,283572,0.5,62.7,46291.9,63.7,17275.3,63,40273932,166.9,81.8,9.5,1156.8,474.6,165.2,165.1,165.1
4/2/2004 5:20,,,13.3,10.3,2.2,1615.4,272.6,269886.4,0.5,61.8,46054.5,64.9,17405.9,63.9,40067428,165.9,85.5,10.5,1204.8,474.2,165.2,165.1,165
4/2/2004 5:30,12.5,2999,13.4,10.2,2.1,1578.2,273.5,265575.3,0.5,59.4,46268,63.2,18179,63.4,40253188,164.7,82.8,9.1,1200.5,473.7,165.2,165.1,164.9
4/2/2004 5:40,,,13.3,10,2.3,1527.6,277.6,284937.4,0.5,57.9,46413.4,61.8,18861.4,62.8,40379696,167.5,79.7,10.1,1114.6,473.3,165.2,165.1,165
4/2/2004 5:50,,,13.4,10.2,2,1627.4,285.8,276187.1,0.5,58.2,45093.9,60.4,18932.7,59,39231680,165.2,81.4,10,1178.9,473,165.2,165.1,164.9
4/2/2004 6:00,,,13.3,10.4,2.1,1615.4,286.8,263551.5,0.5,59.4,45646.2,59.7,18664.9,59.6,39712168,165.1,83.9,9.3,1175.2,473,165.2,165.1,164.8
4/2/2004 6:10,,,13.2,10.3,2.3,1509.6,282.4,281620.8,0.5,61.2,45498.9,60.9,18448.5,60.4,39584044,164.8,85.5,10.3,1191.8,473.3,165.2,165.1,164.9
4/2/2004 6:20,,,13.3,10.3,2.1,1502.5,281,283430,0.5,61.8,44980.6,62.4,18004.2,60.9,39133096,162.3,81.8,10.3,1102.5,473.7,165.2,165.1,164.9
4/2/2004 6:30,,,13.2,10.2,2.1,1565.5,274,260560.7,0.5,61.2,44286.7,63.3,17453.8,61.4,38529416,163.3,83.2,9.6,1179.2,474,165.2,165.1,164.8
4/2/2004 6:40,,,13.4,9.9,2.2,1593.8,270.9,269530.8,0.5,60.9,43992.8,63.6,17920.2,61.4,38273748,156.9,80.7,10.4,1170.9,474.3,165.2,165,164.8
4/2/2004 6:50,,,13.3,10.5,2.1,1514.5,275.2,280014.7,0.5,60.1,43725,63.4,16778.2,60.4,38040716,161.2,73.5,9.3,1147.6,474.2,165.2,165,165.1
4/2/2004 7:00,,,13.2,10.3,2.3,1534.8,271.9,260660.6,0.5,59.4,44011.9,61.4,17399.2,60.8,38290356,162.4,73.9,10,1100,473.8,165.2,165,164.7
4/2/2004 7:10,,,13.1,10.2,2.1,1593.8,273.9,284181.2,0.5,59.1,44961.7,62.2,17745.8,62,39116672,159.5,70.6,9.4,1154.5,474.5,165.2,165,165.2
4/2/2004 7:20,,,13.2,10.1,2.2,1598.7,273,277505.3,0.5,60,45122.7,62.6,17097.9,62.5,39256724,154.2,71,10.5,1193.7,474.1,165.2,165,165.1
4/2/2004 7:30,12,2921,13.3,10,2.1,1496.9,274.3,287551.3,0.5,59.4,45339,62,17491.1,62.6,39444912,158.3,70.1,9.7,1180,473.7,165.2,165,165.2
4/2/2004 7:40,,,13,9.8,2.3,1515,273.3,287649.9,0.5,59.6,46696.3,62.6,16970.4,64.1,40625804,160,66.5,10.2,1118.4,473.3,165.2,165,165.1
4/2/2004 7:50,,,12.9,9.7,2.1,1568.6,279,279213.6,0.5,59.1,46304.4,61.5,16966.1,62.9,40284800,163,69.4,9.3,1114.9,474.1,165.2,165,165.1
4/2/2004 8:00,,,13.1,9.9,2.3,1557,280,296874.1,0.5,59.8,47449.1,61.4,17264.8,63.4,41280688,160.1,71,10.1,1164.7,474,165.2,165,165.1
4/2/2004 8:10,,,13.4,9.7,2.1,1533,282,274760.4,0.5,58.9,46742.1,61.3,17073.2,62.6,40665632,166.2,69.2,9.8,1115.9,473.3,165.2,165,164.8
4/2/2004 8:20,,,13.3,9.8,2.3,1495.8,284.2,264040.2,0.5,59.4,46281.7,60.5,17660.8,61.3,40265056,169.3,67.7,9.8,1103.6,473.6,165.2,165,165
4/2/2004 8:30,,,13.2,9.8,2.1,1576.9,287.1,275149.4,0.5,60,46152.1,60.7,18117.8,61.3,40152356,165.4,68.8,10.4,1095.9,473.8,165.2,165,165
4/2/2004 8:40,,,13.1,9.9,2.3,1614.3,285.2,280974.1,0.5,60.5,45393,61.3,16744.7,60.8,39491872,164.3,70,9.6,1138.4,474.1,165.2,165,165.1
4/2/2004 8:50,,,13.3,9.5,2.1,1541.4,279.1,261335.2,0.5,61,46607.4,62.2,17164,63.1,40548396,160.7,69.7,10.5,1141.1,474.3,165.2,165,165.1
4/2/2004 9:00,,,13.4,9.6,2.2,1508.9,281.3,275040.3,0.5,59.8,46823.1,62.2,16791.7,63.7,40736072,164.8,70.9,9.8,1202.7,474.6,165.2,165,165.1
4/2/2004 9:10,,,13.3,9.6,2.2,1592,282.1,278535.4,0.5,58.2,47340.4,61,17283.8,63,41186172,162.6,70.2,10.3,1211.6,474.8,165.2,165,165
4/2/2004 9:20,,,13.2,9.9,2.2,1586,290.1,268813,0.5,57.7,48104.2,59.6,17602.8,63.5,41850664,165.4,68.9,9.1,1218.5,474.6,165.2,165,164.9
4/2/2004 9:30,12.7,2909,13.1,9.8,2.2,1533.7,290.2,270542.2,0.5,59.1,48848.2,59,18396.2,62.7,42497912,165.4,66.7,10.5,1218.7,473.8,165.3,165,165
4/2/2004 9:40,,,13.1,9.1,2.1,1548.8,293.5,281595.7,0.5,59.8,47977.2,59.3,18989.1,61.9,41740176,164,73.8,9.4,1217.9,473.3,165.3,165,165
4/2/2004 9:50,,,13.2,9.4,2.3,1563.7,293.7,288038.7,0.5,61.4,47828.1,59.3,18284.5,61.7,41610428,166.9,76.4,10.4,1179.5,473.6,165.3,165,164.9
4/2/2004 10:00,,,13.2,10.6,2.2,1520.5,284.5,276982.4,0.5,61.9,47352.9,61.2,17468.9,62.5,41197024,166.6,77.8,9,1219,474,165.3,165,164.9
4/2/2004 10:10,,,13.1,10.7,2.3,1540.3,281.6,276656.3,0.5,61.4,45704.4,61.8,17483.2,61.2,39762852,166.1,79.9,10.3,1198.4,474.3,165.3,165,164.9
4/2/2004 10:20,,,13.2,10.7,2.1,1542.8,256.2,287659.1,0.5,54.2,46151.4,66,16588.8,67.7,40151712,171,82.4,10.3,1112.1,473.2,165.3,164.9,164.9
4/2/2004 10:30,,,13.1,10.2,2.1,1574,292.5,280034.6,0.5,56.4,45288.5,57.6,19764.6,57.5,39400968,165.1,83.9,9.3,1168.2,474.8,165.3,164.9,165.1
4/2/2004 10:40,,,13.1,10.3,2.3,1485.6,294.5,281395.7,0.5,59.8,45368,58.3,19212.9,57.8,39470200,162.9,83.9,10,1160.1,473.3,165.3,164.9,164.7
4/2/2004 10:50,,,13.5,10.2,2.2,1500.7,287,268714.8,0.5,62.7,45650.5,60.5,18931,60,39715908,164.7,83.6,10.8,1213.3,474,165.3,164.9,165.1
4/2/2004 11:00,,,13,10,2,1571.5,274.5,288091.8,0.5,63.1,45310.6,63.7,18094.9,62.3,39420196,163.4,77.7,9.5,1198.1,474.6,165.3,164.9,165.1
4/2/2004 11:10,,,13.4,9.7,2.2,1567.3,274.7,269956.1,0.5,61.8,45559.4,61.5,18745.4,61.1,39636656,159.8,74.4,9.7,1186,473.9,165.3,164.9,165.1
4/2/2004 11:20,,,13,9.2,2.3,1582.9,272.5,273047.1,0.5,59.6,45936.9,62.9,17799,63.8,39965100,166.4,71.9,10.5,1205.9,473.2,165.3,164.9,165.2
4/2/2004 11:30,11.7,2887,13.2,8.7,2.1,1458.6,279.4,283163.2,0.5,57.6,45447.9,61.4,17998.5,61.5,39539696,162.3,78.5,10.3,1105.9,473.4,165.3,164.9,165
4/2/2004 11:40,,,13.2,9.1,2.1,1548.1,285.5,276396.5,0.5,58.2,44962.7,60.6,17621.4,60.1,39117532,165.8,79.1,9,1134.4,474.5,165.3,164.9,165
4/2/2004 11:50,,,13.2,9.4,2.3,1608.2,288.3,272769.8,0.5,59.8,44252.6,59.4,17664.6,58.2,38499760,160.1,79.8,9.5,1025.7,473.6,165.3,164.9,164.8
4/2/2004 12:00,,,13.3,10.2,2.3,1547.5,281.6,275636.3,0.5,61.9,45104.4,60.9,17110,60.6,39240848,161.4,77.9,10.2,1176.1,474.1,165.3,164.9,165.2
4/2/2004 12:10,,,13.1,10.7,2.1,1552.8,279.4,270670.9,0.5,61.8,45812.5,60.6,17576,61.2,39856904,159.5,81.3,10,1088.1,474.1,165.3,164.9,165.2
4/2/2004 12:20,,,13.3,10.6,2.3,1564.8,276.2,245624.4,0.5,60.1,45516,61.6,17795.7,62.3,39598936,158.6,84.6,9.9,1144.1,474.1,165.3,164.9,165.2
4/2/2004 12:30,,,13.2,10.1,2.1,1495.8,281.2,254840.1,0.5,58.4,45653.2,59.4,19540.7,60.8,39718248,159.2,85,10.6,1199.2,474.1,165.3,164.9,165.3
4/2/2004 12:40,,,13,9.9,2.2,1542.8,285.8,279961.3,0.5,58.6,45100.6,59.5,19526.9,59.7,39237540,162.9,76.7,9.3,1088.7,474.1,165.3,164.9,165.3
4/2/2004 12:50,,,13.3,9.2,2.2,1600.9,287.4,271173.3,0.5,59.8,45945.4,59.2,19971.3,60.5,39972524,160.1,72,10.8,1081,474.1,165.3,164.9,165.1
4/2/2004 13:00,,,13.1,9.3,2.1,1582.4,286.9,254337.9,0.5,60.1,46176,59.4,18393.4,60.6,40173128,163,73.4,9.3,1150.1,474,165.3,164.9,165
4/2/2004 13:10,,,13.4,9.6,2.3,1513.8,284.9,269679.2,0.5,61,45673.8,60.4,17212.5,60.8,39736204,161.5,76.1,10,1180,474,165.3,164.9,165.1
4/2/2004 13:20,,,13,10,2.2,1522.3,284.3,268134.8,0.5,61,45500.2,60.2,16606.7,60.8,39585188,159.9,75.8,10.5,1206.7,474,165.3,164.9,165.1
4/2/2004 13:30,12.3,2964,13.3,10.4,2.1,1620.7,280.7,262636.8,0.5,60.5,45892.6,60.5,17521.5,61.8,39926568,161.1,78.7,9.6,1139.3,474,165.3,164.9,165.1
4/2/2004 13:40,,,13.1,10.7,2.3,1518.7,277.3,266485.7,0.5,59.6,45902.3,60.9,17711.6,62.2,39934980,163,80.3,10,1187.6,474,165.3,164.9,165.1
4/2/2004 13:50,,,13.3,10.6,2.1,1566.6,282.2,270977.8,0.5,58.9,46360.5,59.3,18788.8,61.2,40333608,159.6,80.7,10.2,1142.6,474,165.3,164.9,165.1
4/2/2004 14:00,,,13.1,10.5,2.1,1575.7,287.7,279434.7,0.5,58.8,46406.4,59,19203.4,61.2,40373580,160.6,83.5,9.4,1207.9,473.9,165.4,164.8,165.1
4/2/2004 14:10,,,13.1,9.7,2.3,1594.4,291.2,263488.5,0.5,59.6,46163.7,59.1,20592.1,60,40162452,162.3,80,10.4,1132.4,473.9,165.4,164.8,165.1
4/2/2004 14:20,,,13.2,9.8,2.1,1561.9,285.8,269940,0.5,61.2,46437,59.2,19843.2,60.5,40400156,162,72.3,9,1204.4,473.9,165.4,164.8,165.1
4/2/2004 14:30,,,13.1,9.3,2.3,1527,283.9,263445.8,0.5,61,46965.3,60.2,18366.7,62,40859808,163.8,73.9,10.4,1183,473.9,165.4,164.8,165.1
4/2/2004 14:40,,,13.2,9.7,2.1,1562.6,282.5,270290.1,0.5,60.5,47627.7,60.4,17507.2,63.9,41436120,163.9,73.8,9.7,1179.1,473.9,165.4,164.8,165.1
4/2/2004 14:50,,,13.4,10.6,2.3,1564.8,282.9,252018.4,0.5,59.1,47692.2,60.1,18168.1,63.2,41492236,163.3,77.9,9.7,1175.5,473.9,165.4,164.8,165
4/2/2004 15:00,,,13.1,10.6,2.1,1530.8,290.5,275217.5,0.5,58.4,47941.4,59.6,19624.3,62.8,41709008,167,84.5,10.3,1191.4,473.9,165.4,164.8,165
4/2/2004 15:10,,,13.1,10,2.2,1593.8,300.3,263532.4,0.5,58.6,47708.5,59,20479.6,61.8,41506396,167.5,79.2,9.5,1151.7,473.8,165.4,164.8,165.1
4/2/2004 15:20,,,13.6,9.4,2.2,1599.8,292.5,258867.3,0.5,60.3,47823.2,58.9,19802.7,61.3,41606184,166.1,72.8,10.7,1170.4,473.8,165.4,164.8,165.1
4/2/2004 15:30,11.7,2943,13.2,9.9,2,1504.3,297.7,261359.7,0.5,61.2,47148.7,60.2,17093.7,60.8,41019400,166.8,75.4,9.4,1164.3,473.8,165.4,164.8,165.1
4/2/2004 15:40,,,13.3,10.6,2.2,1537.9,286.6,267439.2,0.5,61.4,47725.8,61.2,17778.9,62.8,41521452,166.6,78.6,9.6,1178.3,473.8,165.4,164.8,165.2
4/2/2004 15:50,,,13.2,9.9,2.2,1441,281.3,265431.5,0.5,60.9,47382.4,61.7,19792,62.9,41222656,167.8,87.7,10.3,1158.6,473.8,165.4,164.8,165.2
4/2/2004 16:00,,,13.2,9.6,2.1,1438.1,278,277314.2,0.5,60,45661.7,62.1,19458.3,61.5,39725700,168.3,86.5,10.1,1080.2,473.8,165.4,164.8,164.9
4/2/2004 16:10,,,13.4,8.9,2.1,1344.8,281.1,277976.1,0.5,60.5,45028.7,62.1,19839.9,60.3,39174944,167.6,76.9,9.5,1090.2,473.7,165.4,164.8,165
4/2/2004 16:20,,,13.1,8.6,2.3,1368.4,279.2,270092.9,0.5,60.5,44392.5,61.8,17853,59.9,38621516,167.3,77.4,9.7,1152.1,473.7,165.4,164.8,165.1
4/2/2004 16:30,,,13,10,2.3,1427.9,278.2,269579.8,0.5,60.9,45265.7,62.4,17107.3,61.7,39381152,163.5,80.2,10.4,1123.1,473.7,165.4,164.8,165.1
4/2/2004 16:40,,,13.2,10.3,2,1376.2,279.5,271664.9,0.5,60.3,44534.2,62.4,17873.8,60.9,38744756,160.2,84.8,9.7,1184.2,473.7,165.4,164.8,165.1
4/2/2004 16:50,,,13.2,9.5,2.3,1367.8,275.2,280328.9,0.5,59.6,44632.4,61.8,19349.3,60.5,38830184,164.4,88,9.7,1165.1,473.7,165.4,164.8,165.1
4/2/2004 17:00,,,13,9.2,2.3,1394.3,282.6,271130.6,0.5,59,44112.1,60.6,19145.3,59.1,38377520,160.3,77.7,10.2,1180.6,473.7,165.4,164.8,165.3
4/2/2004 17:10,,,13.2,9,2.1,1442.8,282.9,273592.5,0.5,59.8,44444.1,60.4,17977.3,59.2,38666392,157.6,75.7,10,1143.9,473.6,165.4,164.8,165.3
4/2/2004 17:20,,,13.3,9.4,2.1,1405,279.5,275212.5,0.5,61.1,44364.1,61.8,16785.4,60,38596800,158.5,81,9.5,1077.4,473.6,165.4,164.8,165.4
4/2/2004 17:30,12.2,2814,13,9.9,2.1,1362.4,277.5,280946.2,0.5,61.2,43452.9,61.8,17333.8,59.2,37804024,159.8,83.1,9.3,1157.3,473.6,165.4,164.8,165.3
4/2/2004 17:40,,,13.4,10.2,2.2,1388.9,274.6,260240.5,0.5,60.5,43901.2,61.3,17760.5,60.2,38194064,157.2,84,9.4,1146.1,473.6,165.4,164.7,165.2
4/2/2004 17:50,,,13,10.2,2.3,1414.8,272.7,270084.4,0.5,59.6,44251.4,61.9,17808,61,38498740,158.1,83.6,9.5,1091.8,473.6,165.4,164.7,165.3
4/2/2004 18:00,,,13.2,9.8,2.3,1370.2,272.7,276722.4,0.5,59.8,43946.1,61.1,18849.1,60,38233080,156.9,85.3,10.1,1078.4,473.6,165.4,164.7,165.2
4/2/2004 18:10,,,13.2,9.6,2.1,1358.2,276.3,265312.5,0.5,59.1,43473.6,60.4,18841.4,59.8,37822052,157,80.6,10.5,1131.4,473.5,165.4,164.7,165.1
4/2/2004 18:20,,,13,9.6,2.1,1424.3,279.1,276796.9,0.5,60,42950.7,61.1,18034.6,58.8,37367084,156.7,79,10.4,1051.9,473.5,165.5,164.7,165.2
4/2/2004 18:30,,,13.2,9.2,2,1451.9,277.1,288695,0.5,60.5,42290.3,60.8,17618.7,57.8,36792588,155.5,71.4,9.6,1102.3,473.5,165.5,164.7,165.3
4/2/2004 18:40,,,13,9.1,2.1,1354,270.8,268496.7,0.5,62.5,42905.5,61.9,16917.5,59.3,37327824,150.8,75.2,9.1,1050.5,473.5,165.5,164.7,165.3
4/2/2004 18:50,,,13.2,9.1,2.2,1364.9,267.3,283232.8,0.5,61.9,42767.4,63.7,15756.1,60.8,37207648,155.9,77.6,9.5,1145.4,473.5,165.5,164.7,165.2
4/2/2004 19:00,,,13.4,9,2.2,1426.8,263.6,299348.4,0.5,61.2,42835.6,64.1,15824.5,61.9,37267012,153.8,74.7,9.3,1102.7,473.5,165.5,164.7,165.2
4/2/2004 19:10,,,13.3,9.4,2.3,1409.2,263,275012,0.5,59.4,42747.6,62.8,15291.4,60.6,37190376,157.4,75.2,9.7,1065.7,473.4,165.5,164.7,165.3
4/2/2004 19:20,,,13,9.5,2.3,1333.5,269.3,283883.9,0.5,58,43454.7,62.6,15627.8,61.3,37805552,158.3,75.5,9.5,1087.2,473.4,165.5,164.7,165.4
4/2/2004 19:30,11.5,2777,13.4,9.8,2.3,1366,271.4,284081.8,0.5,58.4,44596.3,60.7,16205.1,61.2,38798784,154.5,76.6,10.3,1122.3,473.4,165.5,164.7,165.2
4/2/2004 19:40,,,13.3,10,2.2,1407,273.5,274631,0.5,58.6,44706,60.4,16709.8,60.9,38894252,157.4,76.5,10.2,1106.7,473.4,165.5,164.7,165.4
4/2/2004 19:50,,,13,10.2,2.1,1411,277.4,290961,0.5,59.4,44403.6,60.1,16794,59.3,38631124,156.7,76.6,10,1144.2,473.4,165.5,164.7,165.4
4/2/2004 20:00,,,13,10.2,2.1,1398.5,278.9,288519.9,0.5,60.3,44826.2,61.6,16569.2,61.1,38998784,161,77.1,9.9,1137.5,473.4,165.5,164.7,165.3
4/2/2004 20:10,,,13.4,10.4,2,1395.4,279.6,274732.1,0.5,60.9,46309.1,62.3,16909.1,63.6,40288876,160,79.8,9.9,1175.6,473.3,165.5,164.7,165.3
4/2/2004 20:20,,,13.1,10.5,2.1,1396.7,274.2,281379.3,0.5,61.8,41069.1,62.3,15511.8,56.9,35730120,161.1,77.4,9.5,1108.3,474.4,165.5,164.8,165
4/2/2004 20:30,,,13.1,10.6,2.2,1426.8,267.5,299867.2,0.5,62.7,44182.8,64.3,16306.3,62.4,38439048,160.4,80.3,9.4,1093,474.4,165.5,165.1,165.5
4/2/2004 20:40,,,13.3,10.8,2.3,1348.6,264.7,294663.8,0.5,61.4,44434.3,65.9,15522,64.2,38657808,162.2,79.2,9.7,1184.8,474,165.5,165.2,165.5
4/2/2004 20:50,,,13.1,10.6,2.3,1373.1,262,291767.3,0.5,60,44670.3,65.5,16054.8,64.8,38863160,163.5,79.4,10,1131.4,473.9,165.6,165.2,165.4
4/2/2004 21:00,,,13.3,10.6,2.2,1428.6,265.7,290790.8,0.5,58.4,45791.2,64.4,17022.3,65.2,39838384,165.7,83.2,10.3,1190.4,473.9,165.6,165.3,165.4
4/2/2004 21:10,,,13.1,10.3,2.2,1441,272.1,306762.1,0.5,57.2,46150.1,63,18112.1,64.4,40150560,168.8,81.7,10.4,1193.2,473.8,165.6,165.4,165.3
4/2/2004 21:20,,,13.4,10.1,2.1,1387.6,281.3,288151.2,0.5,56.6,46901.6,59.9,19690.3,62,40804364,173.6,82.7,10,1243,473.8,165.6,165.4,165.3
4/2/2004 21:30,11.3,2667,13.1,10,2.1,1342.6,285.9,281382.3,0.5,58.9,48283.7,60.9,20236,64,42006796,173.7,79.7,9.5,1223.9,473.8,165.7,165.5,165.6
4/2/2004 21:40,,,13.3,9.7,2.3,1459.7,283.2,294149.1,0.5,60,48697.8,61,20841.9,64.4,42367048,167.8,76.8,9.9,1242.7,473.7,165.7,165.5,165.5
4/2/2004 21:50,,,13,9.5,2.3,1441.7,282.8,299190.9,0.5,60.1,49551.1,61.6,19868.8,65.6,43109472,175.8,72.7,10.4,1279.4,473.7,165.7,165.5,165.5
4/2/2004 22:00,,,13.3,9.3,2.1,1445.9,283.3,297966,0.5,59.4,49886.8,62,18691.4,66.1,43401496,179.7,72.7,10.3,1269,473.6,165.7,165.6,165.4
4/2/2004 22:10,,,13.1,9.8,2.2,1436.8,291.6,283094.7,0.5,57.6,49727.3,60.1,18607.6,64.5,43262724,178.6,76.3,9.3,1308,473.6,165.8,165.6,165.4
4/2/2004 22:20,,,13.3,9.8,2.2,1376.2,296.7,279424.6,0.5,58.2,48469.2,59,18427.9,62.1,42168228,182.6,76.5,9.8,1220.7,473.5,165.8,165.7,165.3
4/2/2004 22:30,,,13.2,10,2.3,1401.4,295.8,290086.2,0.5,60.1,47249.5,59.6,17549.7,60.1,41107024,179.3,73,9.8,1235.1,473.5,165.8,165.7,165.3
4/2/2004 22:40,,,13.3,10.3,2.2,1469.3,290.3,282435.7,0.5,62,49200.5,61.3,17346.4,64.3,42804396,183.9,74.9,10.4,1230.4,473.5,165.8,165.7,165.6
4/2/2004 22:50,,,13.2,10.2,2.1,1385.8,284.4,295140.9,0.5,61.8,49922.3,62.2,17456.4,66.2,43432376,180.5,73.6,9.1,1248.7,473.4,165.9,165.7,165.7
4/2/2004 23:00,,,13.1,10.1,2.3,1356.4,286.9,275691.8,0.5,59.6,50133.6,61.8,18259.3,66.4,43616248,181.1,76.3,9.9,1266.5,473.4,165.9,165.7,165.8
4/2/2004 23:10,,,13.3,10.3,2.3,1386.5,293.7,279939.3,0.5,56.4,51145,59.3,18791.7,65.6,44496168,179.6,74.4,10.2,1312.9,473.3,165.9,165.7,165.4
4/2/2004 23:20,,,13.1,10,2.2,1407.4,311.4,260869.9,0.5,56.1,50546.4,56.2,20638.9,62,43975372,181.6,78.7,10.5,1322.8,473.3,165.9,165.7,165.5
4/2/2004 23:30,,2627,13.3,10.2,2.1,1335.9,314,281490.3,0.5,57.4,50085,56,20044.9,60.6,43573932,180.4,77.3,10,1301.8,473.3,165.9,165.7,165.6
4/2/2004 23:40,,,13.2,9.6,2.1,1344.8,309.9,272408.6,0.5,60.9,50088,56.7,19504.6,60.4,43576520,178.2,76,9.5,1239.7,473.2,165.9,165.8,165.6
4/2/2004 23:50,,,13.2,9.7,2.1,1391.8,303.5,247572.4,0.5,62.5,49562.9,59,18842.6,62.4,43119740,177.1,74.8,9.5,1225.5,473.2,165.9,165.8,165.7
4/3/2004 0:00,,,13.2,9.4,2.3,1365.3,297.5,266826.2,0.5,62.1,49670.1,59,19123.1,62.6,43212992,171.8,74.8,9.4,1251.2,473.1,165.9,165.8,165.6
4/3/2004 0:10,,,13.1,9.4,2.3,1328.1,293.3,282920,0.5,61.4,49297.6,59.8,18678.6,63.1,42888868,175.8,75.2,10,1310.5,473.1,165.9,165.8,165.7
4/3/2004 0:20,,,13.3,9.2,2.3,1299.9,295.2,268961.3,0.5,60.1,49356,60.2,19118.8,63.6,42939756,179.8,73.3,10.2,1299.4,473,165.9,165.8,165.8
4/3/2004 0:30,,,13.1,9.2,2.3,1327.5,298.2,271415.8,0.5,58.8,49714.6,58.8,19374.8,63,43251676,171.5,72.9,10.1,1276.5,473,166,165.8,165.8
4/3/2004 0:40,,,13.2,9.4,2.2,1325,306.3,267728.4,0.5,58.6,50031.7,58.4,20212.3,63.1,43527620,178.7,72.9,10.7,1265,473,166,165.8,165.9
4/3/2004 0:50,,,13.4,9.3,2.2,1293.9,300.7,256808.1,0.5,59,49220.6,57.3,21099.6,61.2,42821924,171.2,72.7,10.2,1272,472.9,166,165.8,165.9
4/3/2004 1:00,,,13.2,9.7,2.1,1266.9,303.9,271199.3,0.5,60.1,49214.5,57.2,21820.6,60.9,42816592,174,74.1,10,1311.3,472.9,166,165.8,165.8
4/3/2004 1:10,,,13.2,10,2.1,1366.7,303.7,262905.8,0.5,61.6,49343.7,58.6,21538.1,61.5,42929056,168.3,76.5,10,1258.4,472.8,166,165.8,165.9
4/3/2004 1:20,,,13.1,10,2.1,1328.8,298.4,276244.7,0.5,60.9,48804.2,58.6,21493.8,61.6,42459684,171.8,76.7,9.7,1290,472.8,166,165.8,165.8
4/3/2004 1:30,10.9,2407,13.1,10,2,1320.4,295.4,267429.5,0.5,60.5,48862.4,59,21050.2,62.3,42510264,169,83.9,9.6,1307.8,472.8,166,165.8,165.9
4/3/2004 1:40,,,13.1,10.2,2.1,1286.1,297.8,249470.5,0.5,59.8,49231.8,58,21182.4,62,42831708,167.6,85,9.4,1273,472.7,166,165.8,165.9
4/3/2004 1:50,,,13.4,10.3,2.1,1346.8,296.3,252857.1,0.5,59.4,49710.6,59,20903.5,63.6,43248232,167.1,84.7,9.4,1346.3,472.7,166,165.8,166
4/3/2004 2:00,,,13.3,10.7,2.1,1323.2,299,247511.1,0.5,59.4,49006.8,57.8,20427.4,61.4,42635956,170.1,82.3,9.4,1281.2,472.6,166.1,165.8,165.9
4/3/2004 2:10,,,13.7,10.5,2.2,1243.3,305.1,249147.4,0.5,60.1,48958,57.4,20576.4,61,42593484,171.5,96.3,10.8,1285.3,472.6,166.1,165.8,166
4/3/2004 2:20,,,13.2,10.9,2.1,1239.8,303,265897.5,0.5,60.1,48807.1,57.9,19688.2,61.4,42462184,169.7,79.7,9,1311.8,472.5,166.1,165.8,166
4/3/2004 2:30,,,13.1,10.8,2.2,1366.7,299.5,272542.9,0.5,60.5,48578.2,58.6,19436.7,61.6,42263044,169.7,79.1,9.4,1297.4,472.5,166.1,165.8,166
4/3/2004 2:40,,,13.1,10.7,2.4,1323.9,298.8,258829.1,0.5,60,49162.5,58,19569.1,62.3,42771376,165.3,81.8,10,1306.9,472.5,166.1,165.9,166
4/3/2004 2:50,,,13.2,10.4,2.3,1295.6,298.9,263865.7,0.5,59.8,49309.4,58.8,19113.3,63,42899196,169.8,77.8,9.9,1303.9,472.4,166.1,165.9,165.9
4/3/2004 3:00,,,13.2,10,2.3,1311.2,301.6,260850.5,0.5,59.5,49019.6,57,19280.8,60.9,42647092,169.9,77.9,10.4,1268.4,472.4,166.1,165.9,165.9
4/3/2004 3:10,,,13.3,9.9,2.3,1317.9,303.2,268529.4,0.5,60,49578.7,56.9,19204.5,62.3,43133500,167.6,75.4,10.2,1263.9,472.3,166.1,165.9,165.9
4/3/2004 3:20,,,13.2,9.2,2.3,1351.5,304.1,258420.6,0.5,60,47045.2,56.5,19236.2,58.1,40929292,165.6,73.8,10.6,1244.9,473.3,166.1,165.9,165.9
4/3/2004 3:30,11.2,2320,13.1,9.3,2.2,1276.9,300.1,237995.3,0.5,61,47764.9,57,19155.2,59.3,41555492,165.9,74.1,10.4,1278.1,474.1,166.1,165.9,166
4/3/2004 3:40,,,13.2,9.4,2.2,1242.2,300.7,274799.8,0.5,61.2,47511,58.3,19099.4,60.8,41334592,162.7,73.7,10.4,1295.8,474,166.2,165.9,166
4/3/2004 3:50,,,13.2,9.5,2.2,1286.1,292.7,258140,0.5,61.8,47054.1,59.1,20077.5,61.1,40937108,166.6,74.2,10.6,1260.8,474,166.2,165.9,166
4/3/2004 4:00,,,13.2,9.7,2.2,1291,293,254809.2,0.5,60.5,46143.1,59.1,20431,59.8,40144524,163.7,75.9,10.3,1241.3,474,166.2,165.9,166.1
4/3/2004 4:10,,,13.3,10.2,2.1,1287.2,286.7,282059.3,0.5,61.2,45159.1,60.4,18496.4,59.8,39288436,161.6,78.3,10.4,1209.9,473.9,166.2,165.9,166.1
4/3/2004 4:20,,,14.4,10.5,2.1,1260.2,282.1,257833.9,0.5,61.4,45571.2,61.2,17979,61.4,39646936,161.9,111.8,13.9,1174.3,473.9,166.2,165.9,166.1
4/3/2004 4:30,,,13.3,10.5,2,1319,280.4,271742.1,0.5,61.8,46196.5,61.4,18233.7,62.3,40190952,161.6,83.2,10,1251.7,473.9,166.2,165.9,166.1
4/3/2004 4:40,,,13.2,10.8,2.1,1376.2,276.5,279802.6,0.5,60.9,45845.9,62.1,17443.3,62.5,39885952,163.1,80.9,9.4,1187.7,473.8,166.2,165.9,166.2
4/3/2004 4:50,,,13.1,11,2.2,1332.4,275,273142,0.5,59.4,46481.2,61.5,17371.3,63.4,40438672,164.1,78.3,9.1,1230,473.8,166.2,165.9,166.2
4/3/2004 5:00,,,13.1,10.8,2.2,1323.9,283.3,291582.3,0.5,58.2,47161.6,60.5,18302.2,62.9,41030580,160.9,79.6,9.6,1266.4,473.8,166.2,165.9,166.2
4/3/2004 5:10,,,13.2,11,2.4,1258.5,286.5,281658.4,0.5,58.4,47653.1,59.7,18322.1,62.6,41458204,162.5,80,9.8,1282.6,473.7,166.2,165.9,166.2
4/3/2004 5:20,,,13.2,11,2.3,1340.8,289.1,276095.4,0.5,58.9,47825.7,59.7,18134.2,62,41608340,167.3,78.9,10.2,1288.3,473.7,166.2,165.9,166.2
4/3/2004 5:30,10,2254,13.2,11,2.3,1358.9,289.2,260798.9,0.5,59.6,48122.3,59.2,18044.9,61.9,41866400,164.5,77.9,10.3,1246.5,473.7,166.2,165.9,166.2
4/3/2004 5:40,,,13.1,10.5,2.2,1300.5,292.9,261012.6,0.5,59.8,47661.9,59,17963.9,61.6,41465824,165.1,74.3,10.2,1248.4,473.6,166.2,166,166.1
4/3/2004 5:50,,,13.1,10.4,2.3,1279.4,298.3,277753.4,0.5,59.8,47583.1,59.1,17643.7,61.5,41397312,164.5,76.1,10.4,1281.7,473.6,166.2,166,166.1
4/3/2004 6:00,,,13,9.4,2.3,1306.5,293.8,266075.2,0.5,61,46610.7,59.4,17613.1,60,40551296,166.3,71.9,9.9,1239.1,473.5,166.2,166,166.1
4/3/2004 6:10,,,13.1,9.6,2.3,1307.7,284.8,270660.8,0.5,61.6,45621.6,60.8,17285.8,60.5,39690780,162.1,70.3,10.1,1212.5,473.7,166.2,166,166.2
4/3/2004 6:20,,,13.3,9.5,2.3,1260.9,283.1,268829.2,0.5,61.6,45538.4,61.5,17265.3,60.9,39618452,162.7,72.2,10.6,1242.3,473.8,166.2,166,166.1
4/3/2004 6:30,,,13.2,9.8,2.2,1307.7,280.8,262037.4,0.5,61,45435.2,61.4,16592.6,60.9,39528592,159.7,70.2,10.5,1188,474,166.3,166,166.2
4/3/2004 6:40,,,13.2,9.8,2.1,1315.5,278.6,284585.1,0.5,60.3,46052.5,61.8,16483.9,62.6,40065716,160.2,69.2,10.5,1253.5,474.1,166.3,166.1,166.3
4/3/2004 6:50,,,13.2,9.6,2.2,1321,284.3,270612.3,0.5,58.8,46605.1,61.5,17082.8,63.4,40546464,158.9,68.3,10,1228.8,474.2,166.3,166.1,166.3
4/3/2004 7:00,,,13.2,9.7,2.1,1307.7,284.3,272078,0.5,57.9,46292.7,59.4,17107.9,60.7,40274656,162.5,72.1,9.3,1244.8,474.4,166.3,166.1,166.4
4/3/2004 7:10,,,14.6,10.1,2.4,1262,291.3,268325.7,0.5,58.8,47501.6,59.1,17144.1,61.7,41326352,159,74.2,9.9,1305.2,474.5,166.4,166.2,166.4
4/3/2004 7:20,,,14.6,10.4,2.5,1338.4,294.7,271587.7,0.5,58.8,48564.6,59,17069.5,63,42251208,161.5,72.8,9.9,1302.5,474.7,166.4,166.2,166.5
4/3/2004 7:30,10.3,2232,14.4,10,2.4,1318.6,297.4,266747,0.5,59.4,49563.8,57.8,18393.8,62.6,43120528,165.9,71.9,10.7,1301.6,474.8,166.4,166.2,166.5
4/3/2004 7:40,,,14.7,10.1,2.3,1263.1,299.5,225794.5,0.5,59.1,50099.5,56.9,19008.2,62.8,43586580,160.9,75.1,10.2,1305.3,474.8,166.4,166.2,166.4
4/3/2004 7:50,,,14.5,10.1,2.4,1253.1,305.1,235597.7,0.5,58.6,49850.3,55.5,19045.5,60.7,43369788,162.2,74.3,9.5,1306,474.6,166.5,166.3,166.4
4/3/2004 8:00,,,14.4,9.9,2.5,1310.1,305.5,255341.9,0.5,59.5,49962.5,56.5,18898.3,62,43467400,164,77,10,1344.6,474.3,166.5,166.3,166.4
4/3/2004 8:10,,,14.7,10,2.4,1281.5,304,266869.9,0.5,60.9,50810,56.7,18805.8,62.6,44204724,165.2,75.3,10.6,1363.6,474.1,166.5,166.3,166.5
4/3/2004 8:20,,,14.5,9.9,2.3,1250.7,303.8,269080.7,0.5,61,51154.7,57.9,18675.9,64,44504592,164,75.8,10,1382.4,473.9,166.5,166.3,166.5
4/3/2004 8:30,,,16.8,9.4,2.5,1315.5,300.3,258551,0.5,60.5,50955.8,57.1,20358,63,44331532,167.8,91.5,9.7,1373.5,473.7,166.6,166.4,166.5
4/3/2004 8:40,,,16.3,9.5,2.9,1299.9,298,293585.8,0.5,60.5,50825.8,58.6,19761.2,63.5,44218484,164.1,92.6,9.9,1376.7,473.5,166.6,166.4,166.6
4/3/2004 8:50,,,16.6,9.4,2.8,1286.1,294.9,253337.6,0.5,60.9,51307.8,60.4,19775.9,66,44637776,173.6,99.9,10.6,1389,473.3,166.6,166.4,166.4
4/3/2004 9:00,,,15,9.5,2.4,1288.5,299.2,269494.2,0.5,58.9,51264.7,58.8,21906.4,64.6,44600248,173.7,98.8,10.2,1354.3,473.5,166.6,166.3,166.3
4/3/2004 9:10,,,14.7,9.7,2.4,1357.5,301.7,272303.8,0.5,58.6,49652.3,58.3,21794.7,61.8,43197476,174.4,96.5,9.2,1300.5,473.7,166.6,166.3,166.3
4/3/2004 9:20,,,14.9,9.6,2.6,1315,306.3,281577.8,0.5,60.1,49553.6,57.3,22628.6,61,43111668,175.3,102,10,1325.2,473.9,166.6,166.3,166.4
4/3/2004 9:30,9.9,2251,14.9,9.1,2.6,1317.9,300.9,275582.3,0.5,61.6,48189,57.6,23472.4,59.2,41924424,170.5,111.7,10.5,1320,474,166.5,166.3,166.3
4/3/2004 9:40,,,14.8,8.9,2.4,1310.1,295.5,267515.6,0.5,61.9,47246.9,60.1,23127.9,60.6,41104796,172.6,110.3,10.4,1270.6,474.2,166.5,166.3,166.3
4/3/2004 9:50,,,14.7,9.3,2.3,1304.1,289.3,265218,0.5,61.6,44552.7,60.6,20199.2,57.7,38760808,172.6,104.4,9.4,1144.8,474.4,166.5,166.3,166.3
4/3/2004 10:00,,,14.7,9.9,2.3,1275.8,283.2,269750.6,0.5,62.5,44433.3,62,18824.6,59.1,38656992,170.3,103.2,9.6,1178,474.6,166.5,166.3,166.4
4/3/2004 10:10,,,15,9.8,2.5,1264.5,275.5,251911.8,0.5,62.7,44692.3,64.1,18120,61.4,38882276,167.6,98.9,9.6,1203.2,474.8,166.5,166.3,166.4
4/3/2004 10:20,,,16.5,10.1,2.8,1321.5,276.8,271565.2,0.5,60.9,45586.2,63.6,18321,63.1,39659956,160.7,103.8,10.4,1204.9,474.9,166.5,166.3,166.5
4/3/2004 10:30,,,16.5,9.9,2.7,1292.1,283.4,256790.8,0.5,57.7,47459.9,61.5,19531,64.3,41290080,163.8,102.6,10.9,1262.3,474.9,166.5,166.3,166.5
4/3/2004 10:40,,,16.5,10,2.6,1309,319,273451,0.5,56.6,48572.5,54,23453.1,57.8,42258060,167.7,102.5,10.3,1314.8,474.7,166.5,166.3,166.6
4/3/2004 10:50,,,16.4,9.8,2.7,1322.1,305.7,277130.9,0.5,60.3,49187.8,56.9,22828.4,61,42793372,162.1,102.2,9.4,1287.1,474.5,166.5,166.2,166.6
4/3/2004 11:00,,,16.3,9.7,2.8,1325,299.1,261983.8,0.5,61.6,49133.7,57.9,22589.6,61.8,42746300,165.2,102.2,10,1358.3,474.3,166.4,166.2,166.5
4/3/2004 11:10,,,16.6,9.8,2.9,1267.4,292.7,264294.7,0.5,61.2,49802.5,59.2,22131.1,63.6,43328216,166.9,106.6,10.5,1316.8,474.1,166.4,166.2,166.5
4/3/2004 11:20,,,16.3,9.4,2.6,1309.4,295.1,260333.7,0.5,59.8,50081.9,58.9,23120.8,64.2,43571232,169.3,102.2,10.6,1333.2,473.9,166.4,166.2,166.5
4/3/2004 11:30,10.4,2217,16.7,8.9,2.5,1334.8,298.4,251966.3,0.5,58.4,49736,58.2,24555.1,62.7,43270328,163.7,100.8,10,1371,473.7,166.4,166.2,166.5
4/3/2004 11:40,,,16.5,8.8,2.6,1258.5,304.1,267073.5,0.5,58.9,50110.5,57.9,23913.7,62.6,43596156,173.1,99.2,9.1,1338.8,473.5,166.4,166.2,166.5
4/3/2004 11:50,,,16.4,8.5,2.8,1270.5,301.1,274456.3,0.5,59.8,49873.4,57.8,23382.7,61.9,43389836,170.3,97.7,9.8,1354.2,473.5,166.4,166.2,166.6
4/3/2004 12:00,,,14.8,8.4,2.7,1317.2,303.8,270835.8,0.5,60.9,51038.8,59,22495.6,64.1,44403756,167.6,90.6,9.7,1360.6,473.6,166.4,166.2,166.5
4/3/2004 12:10,,,14.9,8.3,2.6,1312.6,298.9,266163.8,0.5,60.5,49737.3,59.6,21369.9,62.7,43271476,174.3,91.7,10.4,1328.6,473.8,166.4,166.2,166.5
4/3/2004 12:20,,,14.8,8.2,2.5,1244.6,296.4,278116,0.5,60.5,50199.8,60.4,21403.7,64.2,43673804,171.7,90.3,10.3,1353.6,473.9,166.4,166.2,166.4
4/3/2004 12:30,,,14.9,8.1,2.5,1327,295.4,281128.4,0.5,60,50244.6,59.1,22116.7,62.9,43712828,177.3,99.9,10.2,1349.8,474.1,166.3,166.2,166.3
4/3/2004 12:40,,,14.9,8.3,2.4,1314.3,295.2,279714.2,0.5,59.8,49021.5,59.5,21596.2,63.1,42648704,179.5,99.4,9.5,1359.6,474.3,166.3,166.2,166.4
4/3/2004 12:50,,,15,8.6,2.4,1250.7,298.7,271241.8,0.5,59.8,48510.9,59.6,21819,61.3,42204440,174.6,103.4,9,1322.2,474.4,166.3,166.1,166.5
4/3/2004 13:00,,,14.8,9,2.5,1305.9,296.4,287311.8,0.5,60.8,47582.3,59.6,21580.3,60.3,41396644,175.8,105.4,9.6,1285.5,474.6,166.3,166.1,166.5
4/3/2004 13:10,,,15,9,2.7,1340.2,291.1,282700,0.5,62.3,48227.9,61.3,22206.1,62.3,41958280,173.7,109.3,9.7,1283,474.7,166.3,166.1,166.4
4/3/2004 13:20,,,14.8,9.6,2.6,1282.5,286.6,275654.7,0.5,61.9,47890.4,62.4,20627.4,63.1,41664672,178,105.1,10.5,1295.8,474.9,166.3,166.1,166.3
4/3/2004 13:30,10.3,2241,14.9,8.2,2.5,1243.3,286.1,282622.3,0.5,60.1,48984.7,62.6,22286.3,65.5,42616656,175.3,89.9,9.3,1351.5,474.8,166.3,166.1,166.5
4/3/2004 13:40,,,14.8,6.9,2.3,1278.3,283.6,305150.1,0.5,60.8,50766.7,63.1,28663.4,67.7,44167056,176.8,120.5,9.2,1403.3,473.7,166.3,166.1,166.5
4/3/2004 13:50,,,15,7.7,2.4,1240.4,291.7,287779,0.5,57.6,47983.5,60.9,21819.1,62.5,41745684,174.2,108.8,10.4,1279.4,473.6,166.2,166.1,166.2
4/3/2004 14:00,,,14.9,8.2,2.4,1298.1,306.7,271024.6,0.5,61.8,48362.6,59,23004.2,60.3,42075444,178.4,108.8,9.8,1315.4,473.8,166.2,166.1,166.2
4/3/2004 14:10,,,14.9,8.4,2.6,1307,294.8,277879.5,0.5,63.8,47742.7,61.8,22997.3,61.8,41536160,176.3,114.3,9.1,1268,474,166.2,166.1,166.2
4/3/2004 14:20,,,14.9,8.6,2.5,1291.4,286,294224.6,0.5,63.2,47018.8,62.5,22406.5,62.1,40906360,172.8,116.7,9.2,1291.6,474.2,166.2,166.1,166.2
4/3/2004 14:30,,,15.1,8.5,2.7,1316.8,275.3,265903.4,0.5,61.9,46134.2,64.4,21652.9,62.9,40136748,170.5,119.9,8.9,1230.8,474.3,166.2,166.1,166.2
4/3/2004 14:40,,,13.1,8.1,2.4,1366.7,277,272567.1,0.5,59.8,46589.7,63.1,23686.5,63,40533076,173.7,104.7,9.9,1225.3,474.5,166.2,166,166.1
4/3/2004 14:50,,,13.1,7.9,2.3,1331.7,284.3,284555.2,0.5,58.4,45350,62.1,23851.4,60.8,39454500,173.1,101.6,10.5,1169.8,474.7,166.2,166,166.1
4/3/2004 15:00,,,13.3,7.8,2.1,1235.1,290.8,271075.9,0.5,58.8,44322.3,60.1,23845.2,58.4,38560440,170.5,96.8,11.1,1189,474.9,166.2,166,166.1
4/3/2004 15:10,,,13.1,7.6,2.2,1262.7,292.9,262883.8,0.5,60.5,43159.4,61.4,21281.9,57.4,37548660,169.9,90.3,10.3,1139.9,475,166.2,166,166.1
4/3/2004 15:20,,,15.1,8.4,2.3,1248.9,284.8,277443.1,0.5,61.8,42043.6,61.3,17255.8,56.2,36577960,172.4,92.5,9.9,1165.6,475.2,166.1,166,166.2
4/3/2004 15:30,10.3,2299,14.8,8.4,2.4,1280.3,272.4,270705.3,0.5,61.6,44299.1,62.4,17807.2,60.2,38540196,166.3,92.9,9.6,1145.3,474.6,166.1,166.1,166.2
4/3/2004 15:40,,,14.9,10,2.3,1360,269.3,284252.6,0.5,60.9,44241.7,63.3,15820.5,61.5,38490236,165,70.3,9.4,1118.1,471.9,166.1,166.1,166.1
4/3/2004 15:50,,,14.9,8.8,2.4,1399.6,275.4,251096.2,0.5,60.1,44642.8,62,17934.2,61.2,38839276,162.8,86.5,9.3,1195.1,475,166.3,166.2,166.5
4/3/2004 16:00,,,16.9,9.4,2.7,1248.9,278.5,277464.9,0.5,57.7,46500,60.4,18599,62.4,40454984,165.7,87.6,9.9,1279.4,474.5,166.4,166.2,166.5
4/3/2004 16:10,,,16.5,9.5,2.8,1332.4,293.2,280356.4,0.5,58.9,47474.8,58.2,20808.9,60.7,41303044,165.2,92.3,10.3,1313,474,166.4,166.3,166.5
4/3/2004 16:20,,,16.4,9.2,3,1311.9,295.9,273022.3,0.5,60,48433.7,59.3,22664.7,62.7,42137316,163.4,101.6,9.7,1345.5,473.5,166.4,166.3,166.5
4/3/2004 16:30,,,16.5,9.6,2.8,1301,294.6,276711.9,0.5,59.8,48914.1,59.4,22283.1,62.6,42555264,169.2,107.5,9.9,1338.9,473.4,166.4,166.4,166.4
4/3/2004 16:40,,,16.6,9.9,2.9,1266.9,297,276669.5,0.5,59.4,48974.8,58.5,21825.9,61.9,42608072,172.2,111.6,10.1,1328.5,473.2,166.3,166.3,166.3
4/3/2004 16:50,,,16.4,10,2.9,1288.5,298.8,256685.6,0.5,59.1,48820.7,58.6,21133.8,61.8,42474008,167.6,111,9.9,1300.6,473,166.3,166.3,166.3
4/3/2004 17:00,,,16.5,9.8,2.7,1317.2,299.5,277129.7,0.5,59.4,48659,59,21558.2,61.7,42333324,166.5,111,10.7,1329.3,472.8,166.3,166.2,166.3
4/3/2004 17:10,,,16.3,9.9,2.8,1201.2,302.3,273591.9,0.5,60.5,48934.9,58,21976.8,61.1,42573352,169.8,110.3,10.7,1318.4,472.6,166.2,166.2,166.2
4/3/2004 17:20,,,16.7,9.8,2.7,1256,296.5,270688.7,0.5,61.2,49694.7,59.4,21597.9,63.2,43234420,169.9,113.1,10.9,1331.1,472.4,166.2,166.1,166.2
4/3/2004 17:30,11.5,2278,15,9.4,2.5,1342.6,296,258964.7,0.5,60.8,50369,58.8,23361.1,63.5,43821068,173.4,103.9,9.6,1364.5,472.2,166.2,166.1,166.2
4/3/2004 17:40,,,14.8,8.8,2.3,1326.1,293.7,283894.8,0.5,59.8,49048,59.6,23857.2,62.8,42671744,172.8,100.9,9.6,1310.6,472.2,166.1,166,165.8
4/3/2004 17:50,,,15,8.7,2.5,1306.5,297.1,274309.1,0.5,59.6,48676.5,58.5,24042,61.2,42348576,175,95.7,9.3,1316.8,472.1,166.1,166,165.9
4/3/2004 18:00,,,14.8,8.4,2.6,1293.9,299.8,286065,0.5,60.8,49239.5,59.5,22700.7,62.2,42838352,171.9,88.1,9.5,1297,472.1,166.1,166,165.9
4/3/2004 18:10,,,14.8,8.2,2.7,1266.2,291.9,273132.1,0.5,61,49067.6,59.8,21535.2,62.4,42688772,177.9,91,9.8,1293.1,472.1,166.1,166,165.9
4/3/2004 18:20,,,14.9,8.8,2.6,1263.8,290.5,277956.4,0.5,60.1,48265.6,61,19803.9,62.2,41991056,176.1,96.1,10.3,1343.3,472.1,166,166,165.8
4/3/2004 18:30,,,15,9.6,2.5,1312.6,290.5,281089.2,0.5,59.8,48087,61,20227.3,62.5,41835664,180,100.2,10,1302.8,472,166,166,165.8
4/3/2004 18:40,,,14.8,9.3,2.4,1297.5,293.1,267639.9,0.5,59.6,48327,60.4,21939.1,62.5,42044468,174.7,103.6,9.3,1269,472,166,166,165.9
4/3/2004 18:50,,,14.8,9.1,2.5,1252.4,293.1,265544.9,0.5,59.8,48225.3,60.3,22744.7,62.1,41956008,176.9,103.5,9.8,1271.9,472,166,166,165.9
4/3/2004 19:00,,,14.9,8.7,2.6,1296.3,289.6,291552.4,0.5,60.5,48339.2,60.9,22907.5,62.8,42055088,169.9,95.2,9.7,1263.2,471.9,166,166,165.9
4/3/2004 19:10,,,14.9,8.3,2.5,1289.6,289.1,273163.5,0.5,60.1,47664.2,60.8,20823,62,41467848,176.7,89.8,10.3,1278.2,471.9,166,166,165.9
4/3/2004 19:20,,,14.8,8.7,2.4,1266.2,289.1,274571,0.5,60.3,46921,61.5,19145.6,61.2,40821284,179.1,93.6,9.7,1243.9,471.9,166,166,165.9
4/3/2004 19:30,11,2235,14.7,9.5,2.4,1280.1,287.4,288554.8,0.5,60.5,46711.6,61.1,19569.3,61,40639116,176.4,101.5,9.7,1261.1,471.9,166,165.9,166
4/3/2004 19:40,,,15,9.6,2.7,1337.1,288.9,273979.2,0.5,60.1,47473,61.5,20354.7,62.7,41301544,175.4,101.6,9.5,1220.1,471.8,166,165.9,166
4/3/2004 19:50,,,14.8,9,2.5,1310.8,289.6,272447.9,0.5,59.8,47353,61.3,22006.7,62.5,41197124,175.8,98.8,10.4,1237.5,471.8,166,165.9,166
4/3/2004 20:00,,,14.7,8.8,2.3,1282.5,288.6,285198.1,0.5,60,47192.3,61.2,20465.1,61.9,41057276,174.7,86.9,9.6,1261.8,471.8,166,165.9,166
4/3/2004 20:10,,,15.1,8.8,2.6,1257.1,290.4,280715.2,0.5,60.2,47895.1,60.7,19013.5,62.7,41668748,177.2,89,9.2,1299.6,471.8,166,165.9,165.9
4/3/2004 20:20,,,14.8,9.9,2.6,1319,286.5,280613.2,0.5,61.2,48511.9,61.3,19999.9,63.2,42205372,173.6,96.3,10.1,1302.1,471.7,166,165.9,165.8
4/3/2004 20:30,,,15,9.5,2.4,1331,284.4,280670.3,0.5,60.1,48363.2,62,20646.1,64.1,42075952,177.2,102.7,10.3,1323.9,471.7,166,165.9,165.8
4/3/2004 20:40,,,14.9,9.2,2.4,1251.8,287.6,283285.1,0.5,58.4,47872.4,60.4,21980.5,62.2,41648956,172,96.7,9.7,1304.4,471.7,166,165.9,165.8
4/3/2004 20:50,,,14.8,9,2.5,1274.7,294.8,265414.3,0.5,58.2,48014,59.7,22458.7,61.8,41772152,179.9,90.3,9.2,1284.7,471.6,166,165.9,165.8
4/3/2004 21:00,,,14.7,9,2.6,1321.5,296.5,292054.3,0.5,59.8,48523.2,59.7,21974.6,62,42215172,176.9,87.9,9.4,1273.4,471.6,166,165.9,165.8
4/3/2004 21:10,,,14.8,8.6,2.5,1270.2,294,280469.8,0.5,60.3,47808.2,60.5,20753.5,62,41593120,174,89.6,10.2,1283,471.6,165.9,165.9,165.8
4/3/2004 21:20,,,14.8,8.5,2.6,1332.4,291.6,275054.8,0.5,61.4,48636.2,60.7,20515.7,62.7,42313484,174.2,89.6,10.6,1268.3,471.6,165.9,165.8,165.8
4/3/2004 21:30,10.7,2269,14.7,8.6,2.5,1325,288.6,292254.8,0.5,61,48642.2,60.5,20024.9,62.5,42318728,181.9,89.4,10.3,1321.6,471.5,165.9,165.8,165.8
4/3/2004 21:40,,,14.9,8.9,2.4,1356.4,286.3,264269.2,0.5,60,47930.1,61.5,18873.1,62.9,41699220,177,91.1,10.3,1274.7,471.5,165.9,165.8,165.7
4/3/2004 21:50,,,14.9,9.6,2.4,1275.2,289.4,283581.1,0.5,59.6,48632.6,60.5,19897.5,63.2,42310368,178.6,94.5,9.8,1251.1,471.5,165.9,165.8,165.7
4/3/2004 22:00,,,14.8,9.9,2.4,1250.7,290.5,284338.3,0.5,59.4,48269.3,60.3,20873.2,62.3,41994272,179.6,97.7,9.4,1271.7,471.4,165.9,165.8,165.7
4/3/2004 22:10,,,15,9.8,2.5,1304.1,291.5,266553.2,0.5,60,46586.2,59.6,20209,59.4,40529984,171.6,100.6,9.3,1225.2,471.4,165.9,165.8,165.8
4/3/2004 22:20,,,14.7,10.2,2.5,1344.4,290.8,271055.3,0.5,61.4,47404.7,60.2,19802.9,60.8,41242048,176.4,95.7,9.5,1267.3,471.4,165.9,165.8,165.8
4/3/2004 22:30,,,14.7,10.1,2.6,1333,283.1,276417.3,0.5,61.2,47191.8,61.7,19505.4,62.4,41056852,172.9,97.3,9.9,1276.8,471.4,165.9,165.8,165.8
4/3/2004 22:40,,,14.9,10,2.6,1257.1,282.1,264463.3,0.5,59.6,47677.4,61.9,19858.6,63.4,41479320,173.7,100.8,10,1271.5,471.3,165.9,165.8,165.8
4/3/2004 22:50,,,14.9,9.8,2.6,1350.1,288.5,274636.1,0.5,58.8,48189.9,59.8,20853.2,62.4,41925172,178.2,101,10.4,1254.9,471.3,165.9,165.8,165.7
4/3/2004 23:00,,,14.9,9.7,2.5,1402.7,289.1,271541.7,0.5,58.7,47188.7,60,20729.6,61.1,41054172,177.3,99.9,10.2,1225,471.3,165.9,165.8,165.7
4/3/2004 23:10,,,14.9,9.7,2.4,1307,289.7,268777.5,0.5,60.2,45914.6,60.5,19786.6,59.6,39945744,171.4,100.6,10.2,1222.6,471.2,165.9,165.7,165.9
4/3/2004 23:20,,,14.9,9.6,2.4,1346.2,289.1,267841,0.5,61.2,46945.2,61,20632.2,61.3,40842288,175.1,100.4,9.8,1252.9,471.2,165.9,165.7,165.8
4/3/2004 23:30,10.3,2285,14.6,9.7,2.4,1334.3,286.1,285341.1,0.5,61.4,46707.6,61.4,20015,61.4,40635592,174.5,96.3,9.2,1291.2,471.2,165.9,165.7,165.8
4/3/2004 23:40,,,14.9,9.8,2.6,1391.8,283.4,285932.5,0.5,60.3,47913.8,62.2,19855.1,64.3,41684992,171.6,100.5,9.6,1255.2,471.2,165.9,165.7,165.7
4/3/2004 23:50,,,14.9,9.9,2.7,1345.5,285.4,275937.7,0.5,59.1,47334.1,61.7,20031.6,62.9,41180704,173.5,97.8,10.1,1239.2,471.1,165.9,165.7,165.7
4/4/2004 0:00,,,15,9.8,2.5,1352.9,291.3,272063,0.5,57.6,48058.6,60.4,20628.3,62.9,41810972,175.2,96.7,10.3,1282,471.1,165.9,165.7,165.7
4/4/2004 0:10,,,15,9.5,2.4,1429.7,294.2,270385.1,0.5,57.9,47177.6,58.9,21472.7,60,41044472,165.9,96.1,10,1293,471.1,165.9,165.7,165.7
4/4/2004 0:20,,,14.7,9.5,2.3,1295.6,297.1,267941.4,0.5,60,47898.6,59.4,21786.6,61,41671800,171.5,92,9.5,1256.9,471,165.9,165.7,165.6
4/4/2004 0:30,,,14.7,9.4,2.5,1270.5,292.4,271705.8,0.5,61.2,47216,59.8,21229.6,60.5,41077888,168.8,89.8,9.3,1274.2,471,165.8,165.7,165.6
4/4/2004 0:40,,,14.9,9.2,2.5,1414.1,288.7,274389.5,0.5,61.2,47617.4,60.8,21371.7,62,41427120,173.6,91,9.6,1239.3,471,165.8,165.7,165.6
4/4/2004 0:50,,,15,9.1,2.6,1378,290.3,277346.4,0.5,60.5,47847.1,60.5,21940.6,62.3,41627004,174.1,88.8,9.8,1254.3,471,165.8,165.7,165.6
4/4/2004 1:00,,,15,9.1,2.7,1241.1,288,277575.8,0.5,59.1,46925.9,60.6,20700.1,61.6,40825576,169.9,89.3,9.9,1274.8,470.9,165.8,165.7,165.6
4/4/2004 1:10,,,14.7,9.3,2.7,1297.4,295.5,258138.7,0.5,58.4,47653.9,59.9,20939.5,61.6,41458876,173.8,86.4,10.1,1273.6,470.9,165.8,165.7,165.6
4/4/2004 1:20,,,14.8,9.2,2.6,1352.9,294.9,262821.8,0.5,59.1,47772.6,59.5,21658.7,61.3,41562152,169.9,87.3,10,1307.4,470.9,165.8,165.7,165.6
4/4/2004 1:30,10.3,2291,14.7,9.8,2.6,1353.3,298.3,271775.8,0.5,59.6,47285.2,59.6,21011.1,60.8,41138092,175.3,89.7,10.1,1276.3,470.9,165.8,165.7,165.6
4/4/2004 1:40,,,14.7,9.3,2.5,1359.3,291.2,257491,0.5,60.9,47376,60.3,21765,61.1,41217144,172.3,89.3,10.3,1233.2,470.8,165.8,165.7,165.6
4/4/2004 1:50,,,15.4,9.2,2.6,1341.3,289.9,264494.8,0.5,61.2,47618.9,60.8,21311.7,62.2,41428448,171.2,95.4,10.5,1312.9,470.8,165.8,165.7,165.6
4/4/2004 2:00,,,15.5,9.2,2.5,1415.9,289.9,278275.4,0.5,60.3,47329.2,61.2,20372.7,61.8,41176440,173.2,91.1,10,1252.1,470.8,165.8,165.7,165.6
4/4/2004 2:10,,,15.9,8.8,2.5,1352.2,286.7,257924.5,0.5,59.4,48187.8,60.8,19473.5,63.4,41923364,174.1,91.6,9.8,1221.4,470.7,165.8,165.7,165.7
4/4/2004 2:20,,,15.6,9.4,2.6,1309.4,293.8,265594.4,0.5,59.1,47998.7,60.3,18589,62.4,41758832,171.6,93.7,9.6,1295.2,470.7,165.8,165.7,165.7
4/4/2004 2:30,,,15.6,9.8,2.7,1358.2,296.4,272641,0.5,59.8,48392.5,60.4,19257,62.5,42101488,179.2,98,10.2,1252,470.7,165.8,165.7,165.7
4/4/2004 2:40,,,15.9,10.3,2.6,1391.2,299.3,264565.3,0.5,60.1,48086.6,60,19861,61.9,41835316,173.7,101.5,10.5,1293.9,470.7,165.8,165.7,165.6
4/4/2004 2:50,,,15.7,9.9,2.5,1320.4,292.2,274232.1,0.5,60.3,47906.6,60.1,20252.3,61.1,41678732,179.3,103,9.9,1289.1,470.6,165.8,165.7,165.6
4/4/2004 3:00,,,15.8,9.8,2.5,1325.7,290.9,274242.2,0.5,61,49202.3,60.1,21592.7,62.5,42805972,174.1,106.2,9.7,1278.8,470.6,165.8,165.7,165.6
4/4/2004 3:10,,,15.8,9.4,2.7,1366,291.3,272602.6,0.5,60,48327.6,60.2,21555.6,62,42044988,179.1,100.7,9.8,1241.1,470.6,165.8,165.7,165.5
4/4/2004 3:20,,,15.8,9.1,2.7,1368.9,296.8,274204.6,0.5,59.8,48057.4,60.5,21788.2,62.3,41809944,171.9,91.5,10.2,1309,470.5,165.8,165.7,165.7
4/4/2004 3:30,10.9,2287,15.6,8.8,2.6,1313.7,290.9,283249.5,0.5,60,48218.8,60.9,20788.8,62.3,41950380,175.4,88.3,10.3,1215,470.5,165.8,165.7,165.6
4/4/2004 3:40,,,15.9,9.2,2.4,1363.5,290.8,276064.9,0.5,59.6,48293,60.5,18278.7,62.7,42014944,178.7,92.3,9.8,1273.7,470.5,165.8,165.7,165.6
4/4/2004 3:50,,,15.7,9.6,2.6,1387.6,292.7,266632.1,0.5,59.6,49309.9,58.6,19329.3,61.8,42899576,176.7,91.6,9.4,1295.8,470.5,165.8,165.7,165.7
4/4/2004 4:00,,,15.3,10.1,2.7,1400.3,295.3,271203.9,0.5,58.6,49362.4,59.5,19653.6,63.1,42945284,175,96.6,9.8,1252.1,470.4,165.7,165.7,165.7
4/4/2004 4:10,,,15.6,10.4,2.7,1313,303.2,274465.7,0.5,58.7,50126,58.3,20464.5,62.4,43609584,170,96.9,10.1,1346.2,470.4,165.7,165.7,165.7
4/4/2004 4:20,,,15.8,10.5,2.6,1305.2,304.7,265094,0.5,58.9,48464.1,58.3,20147.8,60.4,42163784,175.2,98.7,10.5,1244.3,471.3,165.7,165.7,165.3
4/4/2004 4:30,,,16,10.1,2.5,1374.5,304.8,251213.6,0.5,60.5,48639,58,20931.8,60.3,42315912,172.5,101.8,10,1296.9,471.9,165.8,165.7,165.6
4/4/2004 4:40,,,15.9,10,2.5,1397.8,302.2,265865.5,0.5,61.2,48137,58.4,21117.8,60,41879204,173.8,102.1,9.8,1281.4,472,165.8,165.7,165.6
4/4/2004 4:50,,,15.6,9.9,2.5,1327.5,296.7,264918.9,0.5,61,47503.6,59.7,20546,60.6,41328112,172.9,98.5,9.3,1211.5,472,165.9,165.7,165.6
4/4/2004 5:00,,,15.6,9.9,2.6,1317.9,296.4,257180.3,0.5,60.9,47733.5,60.4,20441.9,61.3,41528148,175.2,97.9,9.4,1291.6,472.1,165.9,165.7,165.5
4/4/2004 5:10,,,15.8,9.7,2.8,1396.7,291,267159.2,0.5,60.1,48098.4,60.2,20980.4,62.4,41845624,170.8,92.5,10,1302.8,472.2,166,165.7,165.5
4/4/2004 5:20,,,15.9,9.3,2.6,1389.4,294.5,256998.7,0.5,59.6,47906.8,59.8,19911.7,61.9,41678924,169.3,88.5,10.9,1299.6,472.2,166,165.7,165.5
4/4/2004 5:30,10.4,2314,15.8,9,2.4,1365.3,291.4,284786.9,0.5,59.8,48095.1,59.4,19299.7,62,41842720,175.3,91.8,9.7,1278.4,472.3,166,165.7,165.6
4/4/2004 5:40,,,15.8,9.3,2.5,1316.8,294.3,270973.6,0.5,60,48250.3,59.9,18646.3,62.3,41977768,178.1,91.2,9.6,1314.2,472.4,166,165.7,165.6
4/4/2004 5:50,,,15.8,9.1,2.7,1397.2,301.1,277188.6,0.5,60.3,48406.9,60.6,18834.6,62.6,42113968,172.4,91.8,9.8,1252.6,472.4,166,165.7,165.7
4/4/2004 6:00,,,15.6,9.2,2.7,1347.7,292.8,270859.1,0.5,59.8,49609.2,59.9,19810.4,63.8,43159980,173,90.2,9.7,1299.1,472.5,165.9,165.7,165.7
4/4/2004 6:10,,,15.8,9.3,2.6,1358.8,296.3,267020.3,0.5,58.8,49416.8,59.9,21226.1,63.4,42992628,175.9,88.5,9.3,1339.4,471.8,165.9,165.7,165.4
4/4/2004 6:20,,,15.5,9.1,2.7,1381.6,298,271773.8,0.5,59.6,49085.6,58.9,20042.9,62.1,42704432,180.4,88.8,9.9,1308.2,471.1,166,165.7,165.3
4/4/2004 6:30,,,15.6,9.7,2.5,1368.9,295.9,274314.3,0.5,60,47394,60.3,17964.1,60.9,41232752,175.7,93.9,10.2,1266.2,471.3,166,165.7,165.3
4/4/2004 6:40,,,15.8,10.5,2.7,1340.2,295.9,255726.5,0.5,61.4,47741.7,60.1,18821,60.7,41535296,179,98.1,10.2,1226.8,472.4,166,165.8,165.5
4/4/2004 6:50,,,15.7,10.2,2.5,1313.7,293.2,262408.8,0.5,61.8,47084.8,61.6,19397.4,61.9,40963808,175,102.9,10.3,1221.4,471.2,166,165.8,165.4
4/4/2004 7:00,,,15.6,10.4,2.8,1374.9,290.2,265470.7,0.5,61,47692.8,62.5,18857.3,63.5,41492732,175.4,86.4,9.5,1315.5,472.3,166,165.8,165.6
4/4/2004 7:10,,,15.7,9.4,2.5,1344.4,286.5,270759,0.5,59.1,49537.8,61.6,19608.5,65.5,43097908,177.3,86.1,10.5,1285.8,472.1,166,165.8,165.6
4/4/2004 7:20,,,15.6,10.3,2.8,1403.2,296.2,257510.7,0.5,59.4,50129.2,59.3,19294.4,63.4,43612396,180.7,92.6,10.1,1336.4,471.9,166,165.8,165.6
4/4/2004 7:30,10.4,2318,15.8,10.5,2.6,1371.3,296.2,259692.4,0.5,60,49922.8,59.2,20437.6,63,43432864,179.5,99.8,9.4,1318.8,471.7,166.1,165.8,165.5
4/4/2004 7:40,,,15.8,10.1,2.5,1398.9,299.4,274877.7,0.5,59.8,49937.5,58.8,21309.3,62.1,43445632,181.2,96.6,10.6,1307.8,471.5,166.1,165.8,165.5
4/4/2004 7:50,,,15.5,9.7,2.8,1344.8,299.5,276708,0.5,61,49426.6,60.3,20974.9,62.6,43001152,181.4,90.3,10.1,1284,471.3,166.1,165.8,165.6
4/4/2004 8:00,,,15.7,9.3,2.4,1319,292.3,276060.8,0.5,61,50176.3,61,20500.5,64.6,43653364,178.7,87.4,9.9,1369.6,471.1,166.1,165.9,165.7
4/4/2004 8:10,,,13.2,9.6,2.3,1372,313.7,231726.8,0.5,60,50207.3,56.8,19743.1,60,43680372,178.9,73,10,1277.3,471,166.1,165.9,165.2
4/4/2004 8:20,,,13.2,10.6,2.3,1441.7,306.6,240543.6,0.5,60.1,49340,57.8,19411.6,60.3,42925808,179,80.2,9.6,1297.6,471.3,166.1,165.9,165.5
4/4/2004 8:30,,,13.3,10.6,2,1347.3,308.7,214196,0.5,60.3,49314.7,57.5,20772.9,60.1,42903760,182.1,82.1,9.8,1315.8,471.6,166.2,165.9,165.5
4/4/2004 8:40,,,13.2,10.1,2.3,1326.4,310.8,257246.3,0.5,60.1,48971,58.1,21570.8,60.3,42604752,179.5,81,10.5,1251.8,471.9,166.2,165.9,165.6
4/4/2004 8:50,,,13.2,9.5,2.2,1384.7,315,247684.5,0.5,60.3,48132.9,57.9,20621.8,59.1,41875664,177.3,73.5,9.2,1302.7,472.3,166.2,165.9,165.6
4/4/2004 9:00,,,14.6,10.3,2.2,1317.9,311.3,258837,0.5,58.7,46611.9,56.6,16925.9,57,40552360,169.7,75.3,11.2,1238.8,472.6,166.2,165.9,165.6
4/4/2004 9:10,,,14.5,11.3,2.5,1340.2,307.9,234249.6,0.5,59.8,48162.6,56.1,17464.1,58.8,41901472,167.9,76.8,10,1284,472.4,166.2,165.9,165.5
4/4/2004 9:20,,,14.6,11.8,2.3,1388.9,306.5,205815.6,0.5,60.3,47835.9,56.4,18596,58.3,41617208,172.9,82.9,9.4,1252.7,472.2,166.2,166,165.5
4/4/2004 9:30,10.6,2272,17.4,10.1,2.9,1366.7,309.1,226802.3,0.5,59.4,47170.4,55.8,20606.1,57.7,41038268,163.6,94.9,9.5,1219.5,471.9,166.2,166,165.5
4/4/2004 9:40,,,17.2,10,2.7,1249.3,309,222655.3,0.5,60.1,46601.8,55.5,18050.7,57,40543560,166.8,93.9,9.6,1208.1,471.7,166.3,166,165.5
4/4/2004 9:50,,,18.4,11.2,3.2,1317.9,309.2,201164.5,0.5,60.9,47080.5,55,17506,57.1,40960032,161.9,97.4,10.2,1241.7,471.4,166.3,166,165.6
4/4/2004 10:00,,,18.3,11.8,2.9,1360,304.1,213095.4,0.5,60.9,45785.7,55.4,17483.6,56.9,39833564,162.8,98.6,9.6,1264.9,471.1,166.3,166,165.5
4/4/2004 10:10,,,18,11.8,3,1311.2,306.6,233081.8,0.5,60.1,44953.5,54.7,17776.4,55.6,39109576,161.6,101.5,10.6,1152.5,472.2,166.7,166,165.5
4/4/2004 10:20,,,19.5,11.9,3.3,1298.1,305,226505.3,0.5,60,48231.2,54.3,19156.2,59.1,41961184,164,98.2,9.3,1286.8,473.2,166.6,166,165.8
4/4/2004 10:30,,,19.9,11.8,3.3,1432.8,309.2,233219,0.5,57.6,49917,54.4,19381.2,61.3,43427824,163.6,93.4,10.4,1323.3,473.6,166.3,166,165.9
4/4/2004 10:40,,,19.8,10.7,3.4,1418.8,321.2,235367,0.5,55.1,50975.4,50.3,21757.2,58,44348564,166.1,94.4,9.2,1335.4,474.1,166.1,166.1,165.7
4/4/2004 10:50,,,19.8,11,3.3,1296.3,335.6,243599.8,0.5,57.9,53065.1,51,20402.6,60.2,46166608,163,91,10.3,1424.5,474.3,166,166.1,166.2
4/4/2004 11:00,,,19.8,10.8,3.1,1299.2,340.2,231885.3,0.5,59.6,54829.1,51.1,20818.4,61.5,47701300,166.5,93.9,9.2,1450.5,473.6,165.9,166,166
4/4/2004 11:10,,,19.8,11.2,3.5,1395.4,335.1,216107.9,0.5,59.8,56693.6,51.7,21254.9,63.8,49323452,165.8,99.3,10,1506.5,472.9,165.8,165.9,166
4/4/2004 11:20,,,18.1,11.8,2.9,1332.4,334.8,241588.4,0.5,60.9,55672.3,52.9,21871,62.9,48434900,172.8,97,9.7,1468.6,469.8,165.8,165.8,165.4
4/4/2004 11:30,10,2051,16.6,10.8,3,1278.9,334,245701.7,0.5,59.6,57241.1,52.4,25729.5,64.3,49799772,180,105.8,9.7,1494.9,473.4,165.7,165.7,166
4/4/2004 11:40,,,16.5,10.2,2.6,1427.2,332.2,244718.5,0.5,61.2,53242.1,53.8,25442.5,60.6,46320648,179.6,102.9,10.9,1436,472.6,165.8,165.7,165.5
4/4/2004 11:50,,,16.5,9.3,2.7,1361.8,328.4,239542,0.5,62.7,55224.5,54.3,25089.6,62.9,48045316,178.3,92.2,9.6,1455.5,472.3,166.2,166,165.7
4/4/2004 12:00,,,16.5,9.3,2.7,1292.1,322.8,235361.5,0.5,60.3,56143,55.2,22603.4,64.9,48844404,177.7,93.2,10.1,1478.5,474.1,166.4,165.8,166
4/4/2004 12:10,,,16.6,10.3,2.6,0,325.2,229321.6,0.5,58.8,54492.1,55.3,22720.4,63,47408096,180.7,99.6,9.4,1422.9,471.3,166.1,165.7,165.5
4/4/2004 12:20,,,16.4,10.8,2.7,BAD DATA,357,258711,0.5,55.6,50490.4,50.2,23894.1,53.6,43926652,191.8,102.7,10.9,1334.8,467.2,165.7,165.8,165
4/4/2004 12:30,,,16.3,10.2,3,BAD DATA,352.1,253684.4,0.5,59.9,53282.7,51.3,26751.5,57.5,46355908,179.6,108,10.5,1512.6,470.3,166.6,166.5,166.7
4/4/2004 12:40,,,15,8.8,2.5,BAD DATA,352.5,243738.6,0.5,61.8,54339.9,52.5,29739.4,59.1,47275696,184.4,94.2,8.7,1579.8,469.8,167.1,166.9,167.1
4/4/2004 12:50,,,13.3,7.2,2.3,BAD DATA,339,249614,0.5,63.1,52486.8,54,26815.2,58.8,45663528,184.7,91.3,9.1,1541.8,469.2,167.4,167.2,167.2
4/4/2004 13:00,,,13,8.7,2.2,BAD DATA,325.9,256153.8,0.5,63.4,48489.9,55.2,26101.3,55.4,42186192,190,101.7,10.7,1450,470.6,167.6,167.4,167.3
4/4/2004 13:10,,,13.2,8,2.4,438,316.4,236912,0.5,64.8,49475.4,57.6,28418.8,58.5,43043604,188.2,96.4,9.3,1526.1,470.8,167.5,167.4,167.8
4/4/2004 13:20,,,13.2,7,2,515,294.9,230097,0.5,61.9,46828.9,60.8,22415.3,59.8,40741108,186.9,100.2,9.3,1427.5,468.4,167.4,167.2,167.5
4/4/2004 13:30,7.8,719,13.1,8.1,2.1,591.8,298.8,243963.6,0.5,58.4,43976.5,59.1,23658.9,55.4,38259544,183.7,112.6,10.8,1350.6,467.9,167.2,167,167
4/4/2004 13:40,,,13.2,8.3,2.3,576.9,303.2,248654.2,0.5,58.9,43700.5,57.7,23300.4,53.6,38019456,180.4,90.4,10.1,1328,467.7,167.1,166.9,167.2
4/4/2004 13:50,,,13.3,8.5,2.3,545.1,303.8,231730.6,0.5,61,43391.6,57.3,19824.5,53.9,37750672,178.2,88.1,9.7,1349.8,467.5,167.1,166.9,167.1
4/4/2004 14:00,,,13.2,8.7,2.1,601.6,301,255189.3,0.5,61.6,42970.5,58,21924.9,54.5,37384308,172.7,100.1,9.3,1300.8,467.4,167.1,166.9,167
4/4/2004 14:10,,,14.8,8.8,2.3,573.8,294.8,217933.5,0.5,60.9,42229.9,57.7,19286.3,54,36739988,169.3,85.7,10.3,1320.5,467.2,167,166.8,167.1
4/4/2004 14:20,,,15,9.5,2.6,544.4,291.7,218734.8,0.5,61,43790.4,58.6,17203.5,56.6,38097656,170.9,89.3,10.1,1348.3,467,167,166.8,167.2
4/4/2004 14:30,6.4,,16.7,10.7,2.8,546.2,290.2,238124.4,0.5,59.8,45063,58.6,18734.1,58.1,39204844,172.4,105.9,10.1,1395.5,466.9,166.9,166.7,167.2
4/4/2004 14:40,,,16.3,9.7,2.5,569.8,298.9,250241.6,0.5,58.2,45404,57.3,21111.6,58,39501452,172.3,97.1,9.9,1437.5,466.7,166.9,166.7,167.1
4/4/2004 14:50,,,16.5,9.2,2.8,513.2,298.3,239790.2,0.5,58.6,45075,57.2,18091.9,57,39215224,171.2,90.9,10.2,1336,464.1,166.8,166.6,166.5
4/4/2004 15:00,,,16.6,10.9,2.5,537.9,303.4,246537.5,0.5,59.6,45677.7,56.7,19352.8,57.4,39739556,171.4,103.3,9.9,1410.9,464.7,166.6,166.5,166.7
4/4/2004 15:10,,,16.6,10,2.8,560,299.7,249892.7,0.5,60.1,46317.5,57.6,21209.4,58.6,40296192,172.7,100.6,10.3,1416.8,465.2,166.5,166.3,166.6
4/4/2004 15:20,,,16.4,9.1,2.5,495.9,298.4,225247.4,0.5,60.5,46087.3,57.7,18421.5,58.2,40095964,173.4,90.3,9.7,1419.1,465.8,166.4,166.3,166.6
4/4/2004 15:30,4.1,679,16.5,10.9,2.8,503.6,298.5,236017.4,0.5,60.3,46836.8,57.4,18905.4,58.9,40747988,168.2,97.9,10.6,1423.2,465.6,166.4,166.3,166.6
4/4/2004 15:40,,,16.6,10.4,2.6,513.9,297.2,242463.6,0.5,59.8,46905.5,57.7,19969.7,59.6,40807808,173.2,104.4,9.8,1461.6,465.4,166.4,166.3,166.6
4/4/2004 15:50,,,16.4,9.8,2.9,511.4,304.8,241873.3,0.5,58.9,46908.3,57,21379.8,58.9,40810180,174,95.7,9.9,1432.5,465.1,166.4,166.3,166.7
4/4/2004 16:00,,,16.6,9.3,2.6,489.8,305.3,252051.6,0.5,59.1,48240.3,56.2,20765.4,59.3,41969096,178.6,89,10.5,1495.1,464.8,166.4,166.3,166.6
4/4/2004 16:10,,,16.4,9.7,2.7,484.3,307.8,252360,0.5,59.4,48386.9,56.8,19024.8,59.6,42096584,175.8,93.5,9.6,1472.8,464.5,166.4,166.3,166.6
4/4/2004 16:20,,,16.4,10.8,2.8,535.5,308.1,241209.2,0.5,59.6,48951.7,57.1,19769.6,60.4,42587976,182.7,99.1,10.4,1504.2,464.3,166.4,166.3,166.5
4/4/2004 16:30,,,16.7,10,2.6,450.7,307.8,233141.4,0.5,60.3,48402.7,55.8,22623,58.1,42110352,179.9,110.4,10.4,1466.5,464.1,166.4,166.3,166.5
4/4/2004 16:40,,,16.2,9.2,2.8,454.2,308.1,247401.4,0.5,60.5,47933.4,57.3,23247.1,58.9,41702020,175.2,101.8,9.8,1455.8,464.2,166.4,166.3,166.6
4/4/2004 16:50,,,16.6,8.7,2.8,535.9,305.6,252972.4,0.5,60.5,48025.8,57.6,21753.1,59.3,41782408,184.7,94.1,10.6,1487.8,464.4,166.4,166.2,166.7
4/4/2004 17:00,,,16.6,9.2,2.5,497,301.9,244735.9,0.5,60.5,48292,57.9,19419.6,60.2,42014076,183.7,100.8,9.7,1475.4,464.5,166.4,166.2,166.6
4/4/2004 17:10,,,16.5,9.3,2.8,507.2,307.4,246902.9,0.5,60.1,48217.6,58.2,22119.4,59.5,41949288,175.6,98.8,10.5,1468.7,464.7,166.4,166.2,166.6
4/4/2004 17:20,,,16.6,9,2.6,481.4,302.8,238772.2,0.5,60.1,47671.8,58.6,22206.3,59.6,41474492,179.4,95.8,10.5,1476.4,464.8,166.4,166.2,166.6
4/4/2004 17:30,3.5,619,16.6,8.8,2.5,495.2,305.6,269881,0.5,60.5,47742.7,58.6,22340.7,59.4,41536188,179.5,94.4,9.9,1461.4,464.9,166.4,166.2,166.6
4/4/2004 17:40,,,16.4,8.8,2.6,535.5,303.3,254304.1,0.5,60.1,47813.1,58.9,22171.4,60,41597412,186.8,96.4,9.9,1468,465.1,166.4,166.2,166.5
4/4/2004 17:50,,,16.4,8.7,2.6,511.9,301.8,240569,0.5,58.9,47107.6,58.2,21746.2,59.1,40983580,178.6,98.5,9.8,1447.1,465.2,166.4,166.2,166.5
4/4/2004 18:00,,,16.5,9,2.7,470,304.2,242736.6,0.5,58.9,46887.1,57.8,21399.2,58.2,40791772,182.6,99.3,9.7,1450.9,465.4,166.4,166.2,166.5
4/4/2004 18:10,,,16.6,9.2,2.8,550,304.2,248469.9,0.5,59.8,46742.2,57.9,19900,58.1,40665680,181.6,100,9.8,1426.8,465.5,166.4,166.2,166.5
4/4/2004 18:20,,,16.3,9.8,2.9,579.8,302.5,242581.9,0.5,60.9,46638,57.7,19148.3,57.8,40575084,180.5,102.1,10.3,1437.2,465.6,166.4,166.2,166.5
4/4/2004 18:30,,,16.5,10.1,2.9,527.7,302.5,257943.6,0.5,61.6,47082.1,58.6,18578.3,58.9,40961396,177.9,102.8,10.2,1453,465.8,166.3,166.2,166.6
4/4/2004 18:40,,,16.7,10.2,2.7,560,298.5,250091.3,0.5,61.4,46842.4,59.8,18829.9,60.2,40752920,178.3,107.2,10.8,1441.6,465.9,166.3,166.2,166.7
4/4/2004 18:50,,,16.4,10.1,2.6,596.7,292.2,255134.4,0.5,60.3,46021.9,60.3,18374.7,59.8,40039056,176.3,107.3,10.2,1439.8,465.7,166.3,166.2,166.5
4/4/2004 19:00,,,16.5,9.8,2.6,533,295.8,246376.9,0.5,59.1,45520.9,58.4,19098.3,57.5,39603200,181.4,112.6,10.3,1389.9,465.5,166.3,166.2,166.5
4/4/2004 19:10,,,16.2,10.1,2.6,541.5,298,247735.3,0.5,60.2,45076,59.1,18290.9,57.4,39216088,183.4,104.9,10.5,1398.8,465.4,166.3,166.2,166.6
4/4/2004 19:20,,,16.5,10.3,2.6,584.1,291.3,248011.6,0.5,60.5,46629.3,59.7,18310.3,59.8,40567496,174.8,105.1,9.7,1435.6,465.2,166.3,166.2,166.6
4/4/2004 19:30,3.5,628,16.6,10.1,2.9,608.1,290.3,266617.1,0.5,60.2,47494.5,60.8,18637.3,62.2,41320244,177.7,105.1,9.9,1472.8,465.1,166.3,166.2,166.5
4/4/2004 19:40,,,16.6,9.9,2.8,550.4,292.5,268848,0.5,59.4,48217.2,60,19778.7,62.2,41948968,181.3,99.1,10.6,1496,464.9,166.3,166.2,166.5
4/4/2004 19:50,,,16.5,9.7,2.7,568.4,296.2,276253.1,0.5,59.5,48624.3,59.3,21911,62.4,42303136,183.3,94.8,10.1,1511.4,464.7,166.3,166.2,166.5
4/4/2004 20:00,,,16.6,9.8,2.6,606.3,301.2,245567.4,0.5,57.9,49296.2,58.4,21663.1,61.9,42887684,185.7,90.2,9.7,1501.7,464.6,166.3,166.2,166.4
4/4/2004 20:10,,,16.4,9.2,2.8,567.3,309.5,233703.3,0.5,57.4,48802.9,57,22764.2,59.8,42458512,180.4,93,10.3,1490.1,464.4,166.3,166.1,166.6
4/4/2004 20:20,,,16.4,9.7,2.5,592.5,312,244102,0.5,59.4,47055.1,56.3,20591.5,56.5,40937976,180.8,94.2,9.9,1412.8,464.8,166.3,166.1,166
4/4/2004 20:30,,,16.5,10.7,2.9,581.1,307.6,257113,0.5,61.8,46024.3,58.6,17602.6,57,40041160,179.9,103,10.4,1378.1,465.8,166.3,166.1,166.4
4/4/2004 20:40,,,16.7,11.2,2.5,596.1,294.5,261157.4,0.5,64.8,47365.2,61.3,17192.2,60.8,41207724,178.4,100.7,10.1,1448.7,465.3,166.3,166.1,166.7
4/4/2004 20:50,,,16.5,10.5,2.8,532.4,277.5,256484.6,0.5,65,44889.1,64.1,16240.1,60.4,39053556,184,106.6,10.5,1383.8,464.4,166.3,166.1,166.3
4/4/2004 21:00,,,16.5,9.9,2.6,566.7,278.6,267691.9,0.5,61.4,47521.1,64.3,18105.3,65,41343384,174,100.2,9.5,1472.9,466.6,166.3,166.1,166.7
4/4/2004 21:10,,,16.4,9.5,2.6,636.4,282.9,255889.8,0.5,56.6,47885.7,62.2,19803.7,63.9,41660528,180.9,92.9,11,1465.8,465.8,166.3,166.1,166.5
4/4/2004 21:20,,,16.6,9.4,2.8,552.2,299.5,261153.5,0.5,54.4,47178,57.2,20639.9,59,41044888,173.5,93.5,9.7,1428.2,464.9,166.3,166.1,166.3
4/4/2004 21:30,3.5,668,16.4,10.9,2.5,525.9,309.4,266604,0.5,56,46970.7,56,18761.7,57.3,40864508,180.8,97.2,9.9,1417.3,464.7,166.3,166.1,166.4
4/4/2004 21:40,,,16.7,10.1,2.7,582.2,312.9,249215.4,0.5,60,46499.2,55.7,20292.3,55.9,40454268,178.7,102.2,10.8,1401.3,464.7,166.2,166.1,166.4
4/4/2004 21:50,,,16.4,9.1,2.9,586.6,304,241803.2,0.5,62.2,46668.7,57.5,21118.4,57.9,40601728,177.5,89.9,10.2,1425.2,464.7,166.2,166.1,166.6
4/4/2004 22:00,,,16.6,10.8,2.8,577.6,302.3,254358.6,0.5,62.5,47410.7,58.9,17908.5,60,41247336,172.2,97.9,9.3,1453.2,464.6,166.2,166.1,166.5
4/4/2004 22:10,,,16.5,10.2,2.5,618.3,295.6,245699.2,0.5,60.9,46966.6,59.7,18552.8,60.2,40860912,180.4,105.5,9.9,1436.8,464.6,166.2,166.1,166.5
4/4/2004 22:20,,,16.7,9.6,2.8,579.8,299.8,239843.8,0.5,58.8,47757.6,57.9,21017.5,60.2,41549124,172.5,91.6,10.5,1460,464.6,166.2,166.1,166.5
4/4/2004 22:30,,,16.3,9.6,2.8,550,308,259666.6,0.5,57.9,48067.6,56.9,20517.8,59.7,41818768,177.4,95.5,9.8,1462.7,464.5,166.2,166.1,166.5
4/4/2004 22:40,,,16.6,10.8,2.6,566.7,311,253461.4,0.5,58.4,48953,55.9,20185.6,59.6,42589144,182.4,101.7,9.7,1480.6,464.5,166.2,166.1,166.4
4/4/2004 22:50,,,16.5,9.9,2.8,599.2,308.6,248237.8,0.5,59.1,49370.8,56,21622.2,59.8,42952568,185.6,99.9,10.2,1506.5,464.5,166.2,166.1,166.4
4/4/2004 23:00,,,16.4,9.3,2.6,605.2,309.3,246602.9,0.5,60.1,49360.4,57,22018.9,60.1,42943512,187.7,89.4,9.4,1512.6,464.4,166.2,166.1,166.4
4/4/2004 23:10,,,16.3,9.8,2.8,527.7,311.9,212154.4,0.5,58.8,49294.8,56.5,20749,60.1,42886488,178.4,94.4,10.8,1490.2,464.4,166.2,166.1,166.5
4/4/2004 23:20,,,15.1,9.7,2.4,548,312.6,237780,0.5,59.8,48787.9,56.4,21573.2,59.1,42445456,182,100.2,9.8,1500.9,464.4,166.2,166.1,166.3
4/4/2004 23:30,3.7,674,14.9,9.1,2.6,597.8,314.2,255982.3,0.5,60.3,47202,56.3,22144.6,56.9,41065744,181.6,105.3,9.8,1434.8,464.3,166.2,166,166.2
4/4/2004 23:40,,,14.8,8.4,2.5,551.7,309.4,240843,0.5,61.4,46781.8,57.3,23501.5,57.1,40700148,187.4,91,9.8,1413.7,464.3,166.2,166,166.3
4/4/2004 23:50,,,14.9,9,2.7,555.8,305.5,249624.7,0.5,62,45654.7,58.3,20376.1,56.8,39719560,181.5,95.4,10,1395.5,464.3,166.2,166,166.4
4/5/2004 0:00,,,14.7,9.4,2.4,582.2,297.5,255227.3,0.5,62.3,45683.1,58.4,19973.6,58,39744284,179.8,104.3,9.3,1380,464.2,166.2,166,166.4
4/5/2004 0:10,,,14.9,8.6,2.5,590,295.9,244727.7,0.5,61.8,45926.9,59.2,21570.4,58.5,39956376,177.6,95,10.5,1385.7,464.2,166.2,166,166.4
4/5/2004 0:20,,,14.9,8.4,2.5,543.9,292.3,258278.2,0.5,60.3,45403.3,59.9,21530.7,59.2,39500904,187.2,92.5,9.3,1382,464.2,166.2,166,166.4
4/5/2004 0:30,,,14.8,9.6,2.4,537.3,297,248003.5,0.5,59.1,44874.5,58.8,19180,57.3,39040820,180.9,100.9,9.9,1351.9,464.2,166.2,166,166.5
4/5/2004 0:40,,,15,9.2,2.6,587.8,295.4,258005.9,0.5,60.1,43951.5,59.1,19970.9,56.3,38237772,181,104,10.1,1347.2,464.1,166.2,166,166.5
4/5/2004 0:50,,,14.8,8.9,2.3,596.1,288,256206,0.5,61.8,44015.1,60.8,20015.6,57.6,38293156,181.1,100.3,9.6,1331.8,464.1,166.2,166,166.5
4/5/2004 1:00,,,15,8.2,2.5,545.1,282.2,248807.7,0.5,62.5,44048.3,62.6,20564.8,58.9,38322028,179.3,91.3,10.4,1335.2,464.1,166.1,166,166.5
4/5/2004 1:10,,,14.8,9.4,2.7,537.9,279.2,263721.1,0.5,61.6,44621.1,63.7,17566.7,61,38820340,179.3,95.1,9.7,1359.1,464,166.1,166,166.5
4/5/2004 1:20,,,15,9.5,2.4,623.2,275.1,263160.5,0.5,60,44310.5,63.2,17473.3,60.4,38550096,180,105.5,9.5,1369.6,464,166.1,166,166.4
4/5/2004 1:30,3.7,684,14.9,9.1,2.6,607.6,280,251905.1,0.5,58.8,45037.5,62.5,19013.2,60.4,39182640,189.7,104.1,10.5,1377.5,464,166.1,166,166.5
4/5/2004 1:40,,,14.9,8.6,2.6,542.6,288,276168.7,0.5,58.6,45477,61.9,20701.4,60.3,39565016,183.5,94,9.3,1388.7,463.9,166.1,166,166.4
4/5/2004 1:50,,,15,8.1,2.4,572.7,296.3,259589.1,0.5,59.1,46021.3,60.7,21759.7,60.1,40038496,187,91.3,10,1415.2,463.9,166.1,166,166.4
4/5/2004 2:00,,,15,9.6,2.6,586.5,288,272356.3,0.5,59.8,46382.9,61.1,18947.6,60.9,40353136,185.6,97.8,9.4,1409.3,463.9,166.1,166,166.4
4/5/2004 2:10,,,15,9.5,2.4,570.2,287.7,249675.6,0.5,60.5,47326,61.2,19884.4,61.9,41173604,184.4,104.8,10.2,1445.5,463.8,166.1,166,166.4
4/5/2004 2:20,,,14.8,8.7,2.7,535.9,288.9,254986.7,0.5,58.6,46751,61.3,20656.5,61.4,40673380,186.1,94.7,9.5,1446.7,463.8,166.1,166,166.3
4/5/2004 2:30,,,15,8.2,2.4,629.2,297.7,257332.1,0.5,58.4,47004.4,59.4,22764.7,59.8,40893792,184.7,92.7,10.2,1436.1,463.8,166.1,166,166.3
4/5/2004 2:40,,,14.6,9.5,2.7,571.6,299.9,274744.4,0.5,58.4,46926.3,58.8,19826.4,59.4,40825884,186.6,97.9,9.4,1445,463.7,166.1,166,166.3
4/5/2004 2:50,,,14.8,9.3,2.3,549.3,299.5,258291.3,0.5,60.5,46626.3,59.7,19990.3,59.1,40564912,185.8,103.2,9.7,1418.4,463.7,166.1,165.9,166.3
4/5/2004 3:00,,,15,8.8,2.6,523.5,291.6,245766.3,0.5,61,45542.4,61,20890.3,58.7,39621848,185.9,94.7,10.2,1375.1,463.7,166.1,165.9,166.1
4/5/2004 3:10,,,14.9,8.4,2.5,615.4,294,245847.3,0.5,61.2,44880.9,60.9,20252.1,58,39046396,185.3,93.8,9.2,1374.9,463.6,166.1,165.9,166.2
4/5/2004 3:20,,,14.9,9.5,2.4,588.9,292.4,254356.6,0.5,60.1,44287,60.6,18197.8,57.4,38529684,177.8,99.3,10.5,1350,463.6,166.1,165.9,166.3
4/5/2004 3:30,3.9,702,15,9.2,2.6,557.8,290.1,244052.7,0.5,60,43974.2,60.2,19323.9,57.3,38257544,182,106.8,9.6,1309.2,463.6,166.1,165.9,166.3
4/5/2004 3:40,,,14.8,8.8,2.3,513.9,289.9,254329,0.5,60.5,43322.8,59.9,20577.3,56.2,37690872,178.2,96.3,9.5,1310.6,463.6,166.1,165.9,166.3
4/5/2004 3:50,,,14.9,8.2,2.5,599.2,286.8,257717.9,0.5,61.2,42243,61.3,19790,56.1,36751424,177.3,89.7,10.5,1309.9,463.5,166.2,165.9,166.4
4/5/2004 4:00,,,15,9,2.6,580.5,280.1,250823.6,0.5,61.9,42356.2,62.4,17911.7,57.1,36849856,175.5,95.5,9.3,1269.7,463.5,166.2,165.9,166.3
4/5/2004 4:10,,,14.8,9.8,2.4,544.4,274.7,244856.8,0.5,62,44440.2,63.2,17777.9,60.4,38662932,180.2,99.1,9.8,1318.7,463.5,166.3,165.8,166.2
4/5/2004 4:20,,,15,9.3,2.6,537.3,272.9,260173.8,0.5,59.6,43454.8,62.4,18050.9,59.4,37805704,180.3,107.3,10.2,1328.6,463.4,166.3,165.8,166.3
4/5/2004 4:30,,,15.2,9.1,2.7,552.9,276.7,268835.7,0.5,58.4,42749.5,61.7,18964.3,57.6,37192068,170.6,92.2,9.1,1292.8,463.4,166.4,165.7,166.4
4/5/2004 4:40,,,15.7,9,2.5,567.7,281.5,256028.3,0.5,58.8,42950,60.9,19594.8,57.7,37366536,167.8,90.8,9.8,1290.7,463.4,166.6,165.7,166.4
4/5/2004 4:50,,,15.9,8.9,2.7,546.2,286,265732.7,0.5,59.8,42369,60.2,18601,56.1,36861068,164.3,91.8,9.9,1328.3,463.3,166.9,165.7,166.4
4/5/2004 5:00,,,15.6,8.9,2.7,521.7,279.6,263175.6,0.5,61,42079.3,61.5,18083.9,56.8,36608952,164.2,89.7,8.9,1292.1,463.3,167.1,165.6,166.4
4/5/2004 5:10,,,15.8,9.5,2.5,569.1,274,282979.8,0.5,61.8,42044.3,61.4,17217.4,56.9,36578564,161.3,94.7,9.7,1242.5,463.3,166.9,165.6,166.4
4/5/2004 5:20,,,16.6,10.3,2.7,599.8,269.6,268127.4,0.5,61.4,41479.3,62.9,15219.2,57.9,36087000,162.1,99.2,10.9,1255.3,462,166.8,165.6,165.7
4/5/2004 5:30,3.9,724,16.5,10.6,2.8,533,263.9,273186,0.5,61.4,42441.7,63.3,15227.1,59.3,36924312,160.6,97.3,9.6,1290.9,462.7,166.7,165.5,165.8
4/5/2004 5:40,,,16.2,10.6,2.7,519.9,266.6,270378.2,0.5,59.8,42432.4,62.8,15280.5,60,36916200,155.2,99.2,10.6,1275,462.2,166.4,165.4,165.7
4/5/2004 5:50,,,16.7,10.3,2.7,609.9,275,263684.8,0.5,58.4,42086,61,15674.4,58.2,36614820,157,96.2,9.9,1241.2,461.8,166.2,165.4,165.7
4/5/2004 6:00,,,16.6,10,2.7,551.7,277.5,274178.7,0.5,58.6,41471.5,60.5,16041,57.3,36080240,155.6,95.8,10.6,1266.2,461.4,166.1,165.3,165.7
4/5/2004 6:10,,,16.5,9.6,2.7,518.6,278.4,261611.3,0.5,59.6,41043.2,59.6,17151.9,56.1,35707560,153.6,92,9.4,1265.1,461.7,166,165.3,165.8
4/5/2004 6:20,,,16.4,9.2,2.8,509,274.1,270132.6,0.5,61.8,41297.9,60.2,17880.1,56.6,35929176,156.4,88.3,10.3,1237,462.1,165.8,165.2,165.8
4/5/2004 6:30,,,16.3,9.4,2.7,578.7,265.8,279789.1,0.5,61.2,41184.9,61.8,17564.8,58.2,35830840,153.8,91.3,9.5,1280.5,462.5,165.7,165.2,165.9
4/5/2004 6:40,,,18.2,10.9,3.1,552.9,267.2,263800.4,0.5,60.3,42638.4,61.9,15502.1,60.3,37095400,153.4,96.7,10.4,1313,462.9,165.7,165.2,165.9
4/5/2004 6:50,,,18.4,11.3,2.8,509,273.2,279253.3,0.5,58.2,44202.3,61.3,15638.8,61.4,38456016,153.6,106.4,9.8,1376.6,462.5,165.6,165.1,166
4/5/2004 7:00,,,18.3,11.8,3.2,541.9,281,270059.4,0.5,56.4,45087.3,58.6,15657.5,60,39225916,157.8,100.3,9.8,1364.5,462,165.5,165.1,165.9
4/5/2004 7:10,,,18,11,3,603.4,291.4,265505.2,0.5,57.2,46223.3,57.8,17128,60.1,40214228,157,94.9,10.3,1413.5,461.6,165.4,165.1,165.9
4/5/2004 7:20,,,18,10.4,3.1,547.5,295.6,275160.5,0.5,57.6,46251.7,56.6,19043.6,58.9,40238968,163.8,91.2,10,1395.7,459.2,165.3,165,165.5
4/5/2004 7:30,3.8,718,18.2,10.5,2.8,531.9,297.2,268814,0.5,59.8,47849.4,57.6,19196.9,60.5,41628992,163,93.3,10,1438.6,459.4,165.3,165,165.6
4/5/2004 7:40,,,16.6,9.8,3.1,588.9,296.6,256211.2,0.5,61.2,47481,58.3,20183.4,60.3,41308512,169.7,93.8,9.4,1433.5,459.6,165.3,165,165.4
4/5/2004 7:50,,,16.5,10.1,2.9,580.5,292.8,274947.7,0.5,61.4,47302.8,59.6,19535.4,60.7,41153476,171.5,97.6,8.8,1423.5,459.9,165.3,165,165.3
4/5/2004 8:00,,,16.5,10.5,3.2,519.2,291,275604.1,0.5,61,47355.5,60.4,18266.2,62,41199288,174.9,103.6,9,1434.4,460.1,165.3,164.9,165.4
4/5/2004 8:10,,,1.4,10.7,2.9,529.9,289.3,270209.5,0.5,60.1,46935.6,60.9,17064.1,61.8,40834004,178.2,8.9,0.8,1424.7,460.4,165.2,164.9,165.3
4/5/2004 8:20,,,BAD-LOW ,10,3,524.6,286.1,261760.9,0.5,60,45088.7,60.3,16832.2,58.8,39227184,177.3,BAD CALC,BAD CALC,1337,460.6,165.2,164.9,165.2
4/5/2004 8:30,,,16.8,9.4,2.6,581.1,283.1,271432.4,0.5,62.1,44163.7,62.5,16753.5,59.1,38422400,176,91,10.2,1355.4,460.8,165.2,164.9,165.3
4/5/2004 8:40,,,16.7,9.8,2.7,581.1,271.7,283942.2,0.5,63.6,44273.6,65.7,17527.6,61.8,38518036,178.3,94,9.5,1339.7,460.7,165.2,164.9,165.3
4/5/2004 8:50,,,16.7,10.4,2.8,543.3,267.5,283257.6,0.5,61.8,45845.6,65.7,17333.1,64.4,39885696,186.9,107.6,10.7,1382.4,460.5,165.2,164.8,165.4
4/5/2004 9:00,,,3.8,10.4,2.6,515,273,286114.3,0.5,58.2,45229.1,64.8,15861.6,63.1,39349300,179,19.5,2.1,1369.8,460.3,165.2,164.8,165.4
4/5/2004 9:10,,,17.4,9.3,2.8,553.5,284.5,273441,0.5,56.6,45316.7,61.5,17005,60.8,39425496,183.2,97.2,10.4,1359.4,460.1,165.1,164.8,165.5
4/5/2004 9:20,,,16.7,9.9,2.7,593.2,289.5,270655.5,0.5,57.2,45485.6,61.1,18921.5,59.9,39572496,182.1,97.5,10.8,1391.7,459.9,165.1,164.8,165.4
4/5/2004 9:30,3.9,673,17.1,10.8,2.7,560,293.4,284192.8,0.5,59.4,46533.3,61.2,17853.6,60.8,40484008,183.1,104,10.9,1365.2,459.7,165.1,164.8,165.4
4/5/2004 9:40,,,17.3,9.1,2.5,521.7,292.2,276103.4,0.5,61.2,46651.9,61.3,17898.2,60.5,40587144,184.5,100.3,10.4,1394.1,459.5,165.1,164.8,165.4
4/5/2004 9:50,,,16.3,9.6,2.7,562.4,286.3,275641.2,0.5,61.9,48771.3,63.2,20465.1,65.1,42431004,181.6,98.6,9.4,1478.5,459.3,165.1,164.8,165.3
4/5/2004 10:00,,,14.7,9.3,2.6,604.5,281.1,290695.3,0.5,59.8,47268.7,61.7,20977,61.9,41123764,187.8,68.1,6.4,1405.8,459.3,165.1,164.8,165.2
4/5/2004 10:10,,,14.9,9.5,2.4,581.1,289.7,273334.3,0.5,58.9,46503,62.5,19580.9,61.5,40457624,188.3,100.8,10,1393.2,459.4,165,164.8,165.2
4/5/2004 10:20,,,17.4,8.4,2.4,560,289.3,278321.8,0.5,60.2,46675.4,62.6,18927.6,61.4,40607580,182.5,101.1,9.9,1404.9,459.4,165,164.8,165.4
4/5/2004 10:30,,,15.3,8.7,2.7,546.2,284.6,290689.1,0.5,60.9,46580.8,62.8,21233.1,61.6,40525320,177.1,99.7,10.4,1398.6,459.5,165,164.7,165.4
4/5/2004 10:40,,,15,9.1,2.5,591.4,282.1,281600.6,0.5,61,46500.9,63.5,20288.8,62.4,40455752,180.3,109.2,11,1389.4,459.6,165,164.7,165.4
4/5/2004 10:50,,,15.3,9.5,2.3,597.8,281.1,285632.4,0.5,60.5,45970.5,62.8,18809.8,60.9,39994372,182.9,101.8,10,1359.7,459.7,165,164.7,165.4
4/5/2004 11:00,,,16.7,8.5,2.4,552.9,279.2,288189.4,0.5,59.8,45765.3,62.4,19294,60.9,39815844,179.2,63.8,6.6,1379.4,459.8,165,164.7,165.3
4/5/2004 11:10,,,15.3,9,2.4,550.1,278.7,286947.3,0.5,59.8,45596.6,63.7,20257.8,61.9,39669052,176.4,102.8,9.5,1358,459.9,164.9,164.7,165.3
4/5/2004 11:20,,,15,9.7,2.6,578,282.1,281225.8,0.5,59.6,45172.6,63.6,18633.7,61.3,39300196,172.1,101.4,9.6,1364,460,164.9,164.7,165.3
4/5/2004 11:30,3.5,702,14.9,8.6,2.6,597.4,281,285479.2,0.5,60.3,45128.5,62.9,18078.1,60.4,39261796,172.1,98.1,10.4,1353.6,460.1,164.9,164.7,165.3
4/5/2004 11:40,,,15.1,8.6,2.5,525.2,276.9,293442.8,0.5,61,44954,63.1,19481.7,60.9,39110012,170.9,92.2,10.5,1332.9,460.2,164.9,164.7,165.3
4/5/2004 11:50,,,15.1,9,2.4,503.6,278,283646.3,0.5,61,44738.2,63,19908.9,60.5,38922208,171.1,106.4,9.8,1320.2,460.3,164.9,164.7,165.3
4/5/2004 12:00,,,15.1,9.5,2.5,578,275.1,283869.8,0.5,60.2,43660.8,63.7,18146.7,60.3,37984896,170.5,104.9,9.4,1309.7,460.4,164.8,164.7,165.3
4/5/2004 12:10,,,15.2,9.4,2.6,564.2,275.1,295912.2,0.5,60,43407,62.3,17718.7,58.7,37764052,168.1,98.6,10.3,1308.5,460.5,164.8,164.6,165.2
4/5/2004 12:20,,,15.2,8.6,2.4,543.3,276.4,276644.1,0.5,60,42564.7,61.9,17148,57.6,37031316,175.3,97.1,10.5,1275.6,460.6,164.8,164.6,165.2
4/5/2004 12:30,,,15.3,8.9,2.4,560.6,273.2,278644.1,0.5,62.1,42940.9,63.3,19088,59.1,37358548,168.8,94.8,9.5,1291.1,460.6,164.8,164.6,165.2
4/5/2004 12:40,,,15.2,9.3,2.6,577.6,266.6,293017.8,0.5,61.8,42525.6,65,17771.5,59.8,36997232,165.1,106.5,9.5,1220,460.7,164.7,164.6,165.2
4/5/2004 12:50,,,15.3,9.5,2.6,612.3,265.6,281697.1,0.5,60.9,42425.8,64.9,16862.4,60.4,36910416,166.6,100.8,10.4,1232.9,460.8,164.7,164.6,165.2
4/5/2004 13:00,,,15.1,8.5,2.4,591.8,267.6,297540.9,0.5,59.6,42051.4,63.1,16907,58.8,36584732,160.8,96.6,10.4,1206.6,460.9,164.7,164.6,165.3
4/5/2004 13:10,,,15.1,8.6,2.3,543.9,267.5,282446.1,0.5,59.8,41732.6,63.6,18978.2,58.7,36307328,166.3,96.4,9.7,1237.1,461,164.6,164.6,165.2
4/5/2004 13:20,,,13.3,10.3,2.3,550,269,285282.6,0.5,59.8,42904.1,63,16633.2,60.3,37326584,159.7,83.7,9.6,1299.3,460.8,164.6,164.6,165.3
4/5/2004 13:30,3.9,733,13.5,10.4,2.3,605.8,271.7,281021.2,0.5,59.6,43447.5,63.5,15871.2,61.2,37799332,161.2,80.5,10.3,1320.5,460.3,164.6,164.6,165.2
4/5/2004 13:40,,,13.2,9.3,2.1,631.7,273.8,275563.8,0.5,59.1,43767.5,62.5,16310.1,60.6,38077740,160.2,74.6,9.8,1285.5,459.7,164.6,164.5,165.2
4/5/2004 13:50,,,13.2,10,2.2,558.6,277.9,287167.4,0.5,58.8,43718.2,61.5,18084.5,60.1,38034796,162.4,79.2,9.4,1274.2,459.1,164.5,164.5,165.2
4/5/2004 14:00,,,13.4,10.7,2.3,526.4,279.8,277970.8,0.5,59.8,43942.1,61.8,16918.7,60.3,38229608,161.3,82.4,10.3,1291.4,458.3,164.5,164.5,165.1
4/5/2004 14:10,,,5.9,0.3,3.4,558.5,277.9,120313.8,0.5,60,43709.3,61,40000,59.4,38027084,161.6,628.6,2.4,1317.1,457.5,164.5,164.5,165.1
4/5/2004 14:20,,,13.5,10.6,2.3,531.9,272.5,295476.6,0.5,64.4,33047.1,62.5,12941.4,45.9,28750950,162,80.5,9.2,1035.1,460.4,164.5,164.2,165.1
4/5/2004 14:30,,,13.3,9.6,2.3,439.3,242.1,300528.1,0.5,68.9,37568.3,70.7,11943.2,58.5,32684452,154.8,72.3,9.5,1175.3,460.5,164.5,164.5,165.3
4/5/2004 14:40,,,12.8,9.4,2.2,368.9,226.3,303772.9,0.5,66.6,38763.4,75.6,13401.2,64.9,33724116,154.6,73.9,10.4,1212.7,460.1,164.5,164.5,165.2
4/5/2004 14:50,,,13.2,10.4,2.1,367.2,225,317066.5,0.5,59.4,39859.7,74.8,13030.6,67.7,34677960,157.4,83.7,9.5,1194.6,459.6,164.5,164.5,165.3
4/5/2004 15:00,,,13.2,9.8,2.3,432.6,246.6,317117.8,0.5,51.2,40174.2,65.6,13636.4,61.1,34951532,160,77.5,9.7,1235.6,459.8,164.5,164.5,165.3
4/5/2004 15:10,,,13.2,9.7,2.2,435.1,277.4,301989.9,0.5,51,40081.2,57.6,17929.2,54.7,34870648,159.2,75.1,10.5,1180,460.2,164.5,164.5,165.3
4/5/2004 15:20,,,13,10.9,2.1,550.4,282.4,323085.8,0.5,57.2,40795.4,58.5,16473.3,54.9,35491968,156.1,80.1,9.3,1211.4,460.6,164.5,164.5,165.4
4/5/2004 15:30,3.7,699,12.7,9.3,2.3,507.9,272.3,299410.4,0.5,62.5,40866.4,60.1,15933.6,55.8,35553804,157.6,75.8,9.8,1195.7,461,164.5,164.5,165.4
4/5/2004 15:40,,,13.1,9.9,2.3,535.9,262.8,304425.8,0.5,64.4,41701.2,64.5,16559.2,60.5,36280028,159.2,78.9,10,1275.6,460.7,164.5,164.5,165.3
4/5/2004 15:50,,,13.2,10.4,2.2,576.9,253.8,302016.2,0.5,62.7,41587.4,66.2,14883.2,62,36181024,157,82.4,10.4,1258,460.5,164.5,164.5,165.2
4/5/2004 16:00,,,13.3,9.8,2.1,584,253.9,296485.5,0.5,58.8,41791.8,65.4,15972.3,62.1,36358828,158.2,74,10.1,1276.1,460.3,164.5,164.5,165.2
4/5/2004 16:10,,,13.9,11.2,2.1,537.3,267.1,316577.1,0.5,57.2,41849.5,63.5,14695.2,60.6,36409076,161.9,79.6,9.6,1275.7,460,164.5,164.5,165.2
4/5/2004 16:20,,,13.9,9.9,2.3,526.4,271.5,308033.7,0.5,56.9,42566.4,61.1,16799.2,59.4,37032744,161.9,74.2,9.5,1279.1,459.8,164.6,164.5,165.1
4/5/2004 16:30,,,14.4,11.1,2.4,529.5,274.8,303785.3,0.5,59.1,42475.9,61,15602.4,59,36954060,163.2,82.2,9.8,1297.3,459.6,164.6,164.5,165.1
4/5/2004 16:40,,,14.6,10.5,2.4,585.4,273.6,303562.9,0.5,61.6,41502,61.8,14788.6,57,36106708,158.2,73.8,10.7,1271.3,460.1,164.6,164.5,165.3
4/5/2004 16:50,,,14.5,11.8,2.4,582.9,262.6,302226.8,0.5,63.4,40406.8,65.2,13099.7,58.4,35153896,163.7,81.6,10.8,1248,460.8,164.6,164.5,165.3
4/5/2004 17:00,,,14.5,10.5,2.3,529.9,251.8,316203.8,0.5,63.3,42908.1,67.6,14771.7,64,37330028,164.3,73.4,11.1,1299.4,460,164.6,164.5,165.2
4/5/2004 17:10,,,14.6,11.6,2.3,511.9,255.7,300819.9,0.5,59.4,40819,66,12826.3,60.2,35512572,163.9,79.8,10.4,1183.3,459.8,164.6,164.4,165.1
4/5/2004 17:20,,,14.5,10.8,2.3,501.9,264.2,310526.6,0.5,56.9,41760.5,63,15427.1,59.7,36331636,167.7,78.6,9.9,1225.3,460.3,164.6,164.4,165.2
4/5/2004 17:30,4.1,712,14.5,10.7,2.3,581.8,275.2,299129.9,0.5,56.6,41072.3,60.5,13767.1,56.6,35732944,159.9,76.6,9.9,1254.1,460.7,164.6,164.4,165.1
4/5/2004 17:40,,,14.6,12.2,2.2,603.8,275.9,319704.9,0.5,59.6,42175,60.1,14580.1,57.4,36692292,158.1,79.9,9.7,1292,461.2,164.6,164.4,165.3
4/5/2004 17:50,,,14.5,11.2,2.3,560.6,272.3,297443,0.5,61.7,44227,62.7,15709.7,61.5,38477480,158.7,70.6,9.9,1351.1,461,164.6,164.4,165.3
4/5/2004 18:00,,,14.6,11.6,2.3,515.7,268.5,303972,0.5,60.5,45313,63.5,14001.9,63.7,39422308,165,74.4,9.9,1357.1,460.4,164.6,164.4,165.3
4/5/2004 18:10,,,14.5,11.9,2.3,512.6,269.6,312715.8,0.5,58.8,46220.6,63.5,15499.2,65,40211892,163.8,78.3,9.8,1371.9,459.9,164.6,164.4,165.2
4/5/2004 18:20,,,14.6,10.9,2.3,558.3,309,303249.8,0.5,58.4,47288,55.6,18941.8,58.2,41140540,163.1,70,9.8,1395,459.7,164.6,164.4,165.2
4/5/2004 18:30,,,13.3,9.8,2.2,578.7,296.1,312892.2,0.5,64.2,49665.2,58.8,19109.3,62.6,43208684,160.9,74.7,10.1,1476.7,459.7,164.6,164.4,165.2
4/5/2004 18:40,,,13.4,10.4,2.2,574.5,280.8,313003.4,0.5,66,48054.4,63.5,18480.4,64.2,41807372,167.3,83.3,10.5,1441.2,459.7,164.7,164.4,165.2
4/5/2004 18:50,,,13.3,9.7,2.3,519.9,270.4,302063.9,0.5,63.8,47235.2,66.9,17683.6,67,41094652,174.6,71.8,10.2,1429.1,459.7,164.7,164.4,165.2
4/5/2004 19:00,,,13.2,9.6,2.3,515.7,266.5,316960.7,0.5,59.8,46844.8,66.1,16162.7,66.4,40754980,176,76,9.9,1410.5,459.7,164.7,164.4,165.3
4/5/2004 19:10,,,13.3,10.5,2.1,539.1,278.1,308024.7,0.5,59.6,46431.3,63.9,16904.8,63.4,40395252,180.6,80.6,9.5,1391,459.7,164.7,164.4,165.3
4/5/2004 19:20,,,13.2,10.1,2.1,582.9,281.4,303091.3,0.5,59.8,45762.6,62.4,18267.5,61.2,39813504,176.4,82.5,9.6,1351.8,459.7,164.7,164.4,165.3
4/5/2004 19:30,3.8,660,13,9.7,2.1,579.8,280,303670.5,0.5,60.3,45484.4,62.8,17991.8,60.6,39571472,175.4,73.1,10,1361.7,459.7,164.7,164.4,165.3
4/5/2004 19:40,,,13.3,9.6,2.2,569.8,281.3,316412.3,0.5,61.6,45205.7,63,16139.1,60.7,39328960,178.5,77,10.8,1340.1,459.7,164.7,164.4,165.3
4/5/2004 19:50,,,13.3,10.4,2.3,525.2,272.8,313890.7,0.5,62.5,44979.9,65,15841.2,61.8,39132508,175.1,77.6,10.2,1348.6,459.7,164.7,164.4,165.3
4/5/2004 20:00,,,13.3,10.6,2.2,523.9,265.3,308339.3,0.5,62.5,45088.2,66.6,16135,63.7,39226720,172.6,82.1,9.4,1334.7,459.7,164.7,164.4,165.2
4/5/2004 20:10,,,12.9,10.2,2.1,533,264.2,327021.6,0.5,60.1,45144.6,67.2,16461.6,64.8,39275840,176.4,82.9,9.8,1344.2,459.7,164.7,164.4,165.2
4/5/2004 20:20,,,13.2,10.1,2.3,537.3,269,308915.5,0.5,58.6,45768.3,65.9,17310.4,64.6,39818448,178.4,79.2,10.1,1336.1,459.7,164.7,164.4,165.3
