, T_102, FUEL_PRESSURE, fo2.DAMPER-APERTURE, fo2.T, FO2.O2-SENSOR, FO2.FURNACE-DRAFT, FO2.T-IN-C, P_1.PRESSURE-OUT, FUEL_VALVE.VALVE-OUT, FEED_VALVE.VALVE-OUT, COMMENT TIMESTAMP, COMMENT G2-TIME
0.0,0.0,0.0,0.0,0.0,0.0,0.0,-17.778,0.0,0.0,0.0,'3 Aug 2003  4:44:07 p.m.,22880
-369.217,0.0,0.0,0.0,0.0,0.0,0.0,-17.778,0.0,0.0,0.0,'5 Aug 2003  1:47:04 p.m.,727
-156.833, , ,0.0,0.0,0.0,0.0,-17.778, , , , , , ,08/25/03 19:25:23,349
-156.25, , ,0.0,550.26,2.403,0.0,287.922, , , , , , ,08/25/03 19:25:58,384
-156.217, , ,0.0,506.835,1.976,0.0,263.797, , , , , , ,08/25/03 19:26:00,386
-156.167, , ,1.0,580.281,2.503,0.0,304.6, , , , , , ,08/25/03 19:26:03,389
-156.133, , ,1.0,538.692,1.656,0.0,281.495, , , , , , ,08/25/03 19:26:05,391
-156.083, , ,0.0,542.9,1.365,0.0,283.833, , , , , , ,08/25/03 19:26:08,394
-156.05, , ,1.0,529.965,1.146,0.0,276.647, , , , , , ,08/25/03 19:26:10,396
-156.017, , ,1.0,599.378,1.562,0.0,315.21, , , , , , ,08/25/03 19:26:12,398
-155.983, , ,1.0,519.731,1.184,0.0,270.962, , , , , , ,08/25/03 19:26:14,400
-155.95, , ,1.0,548.395,1.95,0.0,286.886, , , , , , ,08/25/03 19:26:16,402
-155.917, , ,1.0,561.626,1.729,0.0,294.237, , , , , , ,08/25/03 19:26:18,404
-155.883, , ,1.0,526.451,2.541,0.0,274.695, , , , , , ,08/25/03 19:26:20,406
-155.833, , ,1.0,524.158,2.987,0.0,273.421, , , , , , ,08/25/03 19:26:23,409
-155.8, , ,1.0,568.792,1.108,0.0,298.218, , , , , , ,08/25/03 19:26:25,411
-155.767, , ,1.0,555.321,2.51,0.0,290.734, , , , , , ,08/25/03 19:26:27,413
-155.367, , ,1.0,53.973,65.625,84.961,12.207, , , , , , ,08/25/03 19:26:51,437
-155.333, , ,1.0,61.503,91.06,46.865,16.39, , , , , , ,08/25/03 19:26:53,439
-155.267, , ,1.0,40.315,38.29,94.865,4.62, , , , , , ,08/25/03 19:26:57,443
-155.05, , ,1.0,61.353,24.439,11.841,16.307, , , , , , ,08/25/03 19:27:10,456
-141.517, , ,0.0,0.0,0.0,0.0,-17.778, , , , , , ,08/26/03 19:43:02,1268
-141.05, , ,0.0,44.822,31.604,5.428,7.123, , , , , , ,08/26/03 19:43:30,1296
-141.017, , ,0.0,53.05,1.472,76.679,11.695, , , , , , ,08/26/03 19:43:32,1298
-139.167, , ,0.0,550.26,2.403,0.0,287.922, , , , , , ,08/26/03 19:45:23,1409
-139.133, , ,0.0,506.835,1.976,0.0,263.797, , , , , , ,08/26/03 19:45:25,1411
-139.083, , ,1.0,580.281,2.503,0.0,304.6, , , , , , ,08/26/03 19:45:28,1414
-139.05, , ,1.0,538.692,1.656,0.0,281.495, , , , , , ,08/26/03 19:45:30,1416
-139.0, , ,0.0,542.9,1.365,0.0,283.833, , , , , , ,08/26/03 19:45:33,1419
-138.967, , ,1.0,529.965,1.146,0.0,276.647, , , , , , ,08/26/03 19:45:35,1421
-138.933, , ,1.0,599.378,1.562,0.0,315.21, , , , , , ,08/26/03 19:45:37,1423
-138.9, , ,1.0,519.731,1.184,0.0,270.962, , , , , , ,08/26/03 19:45:39,1425
-138.867, , ,1.0,548.395,1.95,0.0,286.886, , , , , , ,08/26/03 19:45:41,1427
-138.833, , ,1.0,561.626,1.729,0.0,294.237, , , , , , ,08/26/03 19:45:43,1429
-138.8, , ,1.0,526.451,2.541,0.0,274.695, , , , , , ,08/26/03 19:45:45,1431
-138.75, , ,1.0,524.158,2.987,0.0,273.421, , , , , , ,08/26/03 19:45:48,1434
-138.683, , ,1.0,568.792,1.108,0.0,298.218, , , , , , ,08/26/03 19:45:52,1438
-138.65, , ,1.0,555.321,2.51,0.0,290.734, , , , , , ,08/26/03 19:45:54,1440
-137.433, , ,0.0,550.26,2.403,0.0,287.922, , , , , , ,08/26/03 19:47:07,1513
-137.4, , ,0.0,506.835,1.976,0.0,263.797, , , , , , ,08/26/03 19:47:09,1515
-137.35, , ,1.0,580.281,2.503,0.0,304.6, , , , , , ,08/26/03 19:47:12,1518
-137.317, , ,1.0,538.692,1.656,0.0,281.495, , , , , , ,08/26/03 19:47:14,1520
-137.267, , ,0.0,542.9,1.365,0.0,283.833, , , , , , ,08/26/03 19:47:17,1523
-137.2, , ,1.0,529.965,1.146,0.0,276.647, , , , , , ,08/26/03 19:47:21,1527
-56.483, , ,0.0,0.0,0.0,0.0,-17.778, , , , , , ,08/26/03 22:22:11,6370
-160.667, , ,0.0,0.0,0.0,0.0,-17.778, , , , , , ,08/26/03 23:22:19,119
-158.25, , ,0.0,0.0,0.0,0.0,-17.778, , , , , , ,08/27/03 02:14:35,264
-157.667, , ,0.0,550.26,2.403,0.0,287.922, , , , , , ,08/27/03 02:15:10,299
-157.633, , ,0.0,506.835,1.976,0.0,263.797, , , , , , ,08/27/03 02:15:12,301
-157.583, , ,1.0,580.281,2.503,0.0,304.6, , , , , , ,08/27/03 02:15:15,304
-157.55, , ,1.0,538.692,1.656,0.0,281.495, , , , , , ,08/27/03 02:15:17,306
-157.5, , ,0.0,542.9,1.365,0.0,283.833, , , , , , ,08/27/03 02:15:20,309
-157.467, , ,1.0,529.965,1.146,0.0,276.647, , , , , , ,08/27/03 02:15:22,311
-157.433, , ,1.0,599.378,1.562,0.0,315.21, , , , , , ,08/27/03 02:15:24,313
-157.4, , ,1.0,519.731,1.184,0.0,270.962, , , , , , ,08/27/03 02:15:26,315
-157.367, , ,1.0,548.395,1.95,0.0,286.886, , , , , , ,08/27/03 02:15:28,317
-157.333, , ,1.0,561.626,1.729,0.0,294.237, , , , , , ,08/27/03 02:15:30,319
-157.3, , ,1.0,526.451,2.541,0.0,274.695, , , , , , ,08/27/03 02:15:32,321
-157.25, , ,1.0,524.158,2.987,0.0,273.421, , , , , , ,08/27/03 02:15:35,324
-157.217, , ,1.0,568.792,1.108,0.0,298.218, , , , , , ,08/27/03 02:15:37,326
-157.183, , ,1.0,555.321,2.51,0.0,290.734, , , , , , ,08/27/03 02:15:39,328
-161.183, , ,0.0,0.0,0.0,0.0,-17.778, , , , , , ,08/27/03 02:53:07,88
-116.283, , ,0.0,0.0,0.0,0.0,-17.778, , , , , , ,09/03/03 22:47:45,2782
-103.9, , ,0.0,550.26,2.403,0.0,287.922, , , , , , ,09/03/03 23:00:08,3525
-103.867, , ,0.0,506.835,1.976,0.0,263.797, , , , , , ,09/03/03 23:00:10,3527
-103.8, , ,1.0,0.0,0.0,0.0,0.0, , , , , , ,09/03/03 23:00:14,3531
-103.783, , ,1.0,580.281,2.503,0.0,304.6, , , , , , ,09/03/03 23:00:15,3532
-103.75, , ,1.0,538.692,1.656,0.0,281.495, , , , , , ,09/03/03 23:00:17,3534
-103.7, , ,0.0,542.9,1.365,0.0,283.833, , , , , , ,09/03/03 23:00:20,3537
-103.667, , ,1.0,529.965,1.146,0.0,276.647, , , , , , ,09/03/03 23:00:22,3539
-103.633, , ,1.0,512.78,2.921,0.0,267.1, , , , , , ,09/03/03 23:00:24,3541
-103.583, , ,1.0,519.731,1.184,0.0,270.962, , , , , , ,09/03/03 23:00:27,3544
-103.55, , ,1.0,548.395,1.95,0.0,286.886, , , , , , ,09/03/03 23:00:29,3546
-103.467, , ,1.0,561.626,1.729,0.0,294.237, , , , , , ,09/03/03 23:00:34,3551
-103.433, , ,1.0,574.82,1.445,0.0,301.567, , , , , , ,09/03/03 23:00:36,3553
-103.4, , ,1.0,524.158,2.987,0.0,273.421, , , , , , ,09/03/03 23:00:38,3555
-103.367, , ,1.0,568.792,1.108,0.0,298.218, , , , , , ,09/03/03 23:00:40,3557
-103.333, , ,1.0,555.321,2.51,0.0,290.734, , , , , , ,09/03/03 23:00:42,3559
-102.233, , ,1.0,555.321,10.1,0.0,290.734, , , , , , ,09/03/03 23:01:48,3625
-102.2, , ,1.0,555.321,13.3,0.0,290.734, , , , , , ,09/03/03 23:01:50,3627
-102.017, , ,1.0,0.0,0.0,0.0,0.0, , , , , , ,09/03/03 23:02:01,3638
-101.883, , ,0.0,0.0,19.7,0.0,-17.778, , , , , , ,09/03/03 23:02:09,3646
-101.85, , ,0.0,0.0,13.1,0.0,-17.778, , , , , , ,09/03/03 23:02:11,3648
-94.183, , ,0.0,0.0,23.7,0.0,-17.778, , , , , , ,09/03/03 23:09:51,4108
-94.15, , ,0.0,0.0,27.2,0.0,-17.778, , , , , , ,09/03/03 23:09:53,4110
-94.117, , ,0.0,0.0,19.2,0.0,-17.778, , , , , , ,09/03/03 23:09:55,4112
-92.05, , ,0.0,0.0,29.9,0.0,-17.778, , , , , , ,09/03/03 23:11:59,4236
-92.017, , ,0.0,0.0,18.6,0.0,-17.778, , , , , , ,09/03/03 23:12:01,4238
-91.983, , ,0.0,0.0,19.5,0.0,-17.778, , , , , , ,09/03/03 23:12:03,4240
-91.533, , ,0.0,0.0,13.5,0.0,-17.778, , , , , , ,09/03/03 23:12:30,4267
-91.5, , ,0.0,0.0,23.5,0.0,-17.778, , , , , , ,09/03/03 23:12:32,4269
-89.633, , ,0.0,0.0,19.7,0.0,-17.778, , , , , , ,09/03/03 23:14:24,4381
-89.6, , ,0.0,0.0,13.5,0.0,-17.778, , , , , , ,09/03/03 23:14:26,4383
-89.35, , ,0.0,0.0,16.8,0.0,-17.778, , , , , , ,09/03/03 23:14:41,4398
-89.317, , ,0.0,0.0,15.1,0.0,-17.778, , , , , , ,09/03/03 23:14:43,4400
-84.5, , ,0.0,0.0,18.0,0.0,-17.778, , , , , , ,09/03/03 23:19:32,4689
-84.467, , ,0.0,0.0,17.5,0.0,-17.778, , , , , , ,09/03/03 23:19:34,4691
-84.433, , ,0.0,0.0,17.1,0.0,-17.778, , , , , , ,09/03/03 23:19:36,4693
-84.4, , ,0.0,0.0,15.1,0.0,-17.778, , , , , , ,09/03/03 23:19:38,4695
-84.183, , ,0.0,0.0,18.0,0.0,-17.778, , , , , , ,09/03/03 23:19:51,4708
-84.15, , ,0.0,0.0,13.3,0.0,-17.778, , , , , , ,09/03/03 23:19:53,4710
-83.85, , ,0.0,0.0,18.4,0.0,-17.778, , , , , , ,09/03/03 23:20:11,4728
-83.833, , ,0.0,0.0,23.0,0.0,-17.778, , , , , , ,09/03/03 23:20:12,4729
-83.6, , ,0.0,0.0,17.0,0.0,-17.778, , , , , , ,09/03/03 23:20:26,4743
-83.567, , ,0.0,0.0,15.1,0.0,-17.778, , , , , , ,09/03/03 23:20:28,4745
-83.533, , ,0.0,0.0,19.3,0.0,-17.778, , , , , , ,09/03/03 23:20:30,4747
-83.5, , ,0.0,0.0,17.4,0.0,-17.778, , , , , , ,09/03/03 23:20:32,4749
-83.433, , ,0.0,0.0,19.7,0.0,-17.778, , , , , , ,09/03/03 23:20:36,4753
-83.4, , ,0.0,0.0,23.0,0.0,-17.778, , , , , , ,09/03/03 23:20:38,4755
-83.367, , ,0.0,0.0,19.3,0.0,-17.778, , , , , , ,09/03/03 23:20:40,4757
-83.133, , ,0.0,0.0,27.9,0.0,-17.778, , , , , , ,09/03/03 23:20:54,4771
-83.1, , ,0.0,0.0,14.9,0.0,-17.778, , , , , , ,09/03/03 23:20:56,4773
-83.067, , ,0.0,0.0,13.6,0.0,-17.778, , , , , , ,09/03/03 23:20:58,4775
-81.9, , ,0.0,0.0,18.6,0.0,-17.778, , , , , , ,09/03/03 23:22:08,4845
-81.867, , ,0.0,0.0,18.6,0.0,-17.778, , , , , , ,09/03/03 23:22:10,4847
-81.833, , ,0.0,0.0,21.2,0.0,-17.778, , , , , , ,09/03/03 23:22:12,4849
-81.8, , ,0.0,0.0,14.7,0.0,-17.778, , , , , , ,09/03/03 23:22:14,4851
-80.283, , ,0.0,0.0,0.0,0.0,-17.778, , , , , , ,09/03/03 23:23:45,4942
-80.233, , ,0.0,0.0,19.9,0.0,-17.778, , , , , , ,09/03/03 23:23:48,4945
-80.2, , ,0.0,0.0,17.5,0.0,-17.778, , , , , , ,09/03/03 23:23:50,4947
-80.117, , ,0.0,0.0,22.5,0.0,-17.778, , , , , , ,09/03/03 23:23:55,4952
-79.417, , ,0.0,0.0,16.3,0.0,-17.778, , , , , , ,09/03/03 23:24:37,4994
-79.383, , ,0.0,0.0,26.8,0.0,-17.778, , , , , , ,09/03/03 23:24:39,4996
-79.35, , ,0.0,0.0,24.8,0.0,-17.778, , , , , , ,09/03/03 23:24:41,4998
-79.317, , ,0.0,0.0,18.1,0.0,-17.778, , , , , , ,09/03/03 23:24:43,5000
-79.283, , ,0.0,0.0,30.0,0.0,-17.778, , , , , , ,09/03/03 23:24:45,5002
-79.167, , ,0.0,0.0,25.0,0.0,-17.778, , , , , , ,09/03/03 23:24:52,5009
-79.133, , ,0.0,0.0,25.3,0.0,-17.778, , , , , , ,09/03/03 23:24:54,5011
-78.533, , ,0.0,0.0,20.0,0.0,-17.778, , , , , , ,09/03/03 23:25:30,5047
-78.5, , ,0.0,0.0,26.6,0.0,-17.778, , , , , , ,09/03/03 23:25:32,5049
-78.467, , ,0.0,0.0,14.0,0.0,-17.778, , , , , , ,09/03/03 23:25:34,5051
-78.4, , ,0.0,0.0,21.1,0.0,-17.778, , , , , , ,09/03/03 23:25:38,5055
-78.367, , ,0.0,0.0,20.4,0.0,-17.778, , , , , , ,09/03/03 23:25:40,5057
-78.333, , ,0.0,0.0,30.0,0.0,-17.778, , , , , , ,09/03/03 23:25:42,5059
-78.3, , ,0.0,0.0,18.1,0.0,-17.778, , , , , , ,09/03/03 23:25:44,5061
-77.867, , ,0.0,0.0,21.4,0.0,-17.778, , , , , , ,09/03/03 23:26:10,5087
-77.833, , ,0.0,0.0,17.4,0.0,-17.778, , , , , , ,09/03/03 23:26:12,5089
-77.8, , ,0.0,0.0,24.9,0.0,-17.778, , , , , , ,09/03/03 23:26:14,5091
-161.467, , ,0.0,0.0,0.0,0.0,-17.778, , , , , , ,09/03/03 23:27:38,71
-161.433, , ,0.0,0.0,16.6,0.0,-17.778, , , , , , ,09/03/03 23:27:40,73
-159.967, , ,0.0,0.0,21.7,0.0,-17.778, , , , , , ,09/03/03 23:29:08,161
-159.933, , ,0.0,0.0,25.5,0.0,-17.778, , , , , , ,09/03/03 23:29:10,163
-159.6, , ,0.0,0.0,18.8,0.0,-17.778, , , , , , ,09/03/03 23:29:30,183
-159.567, , ,0.0,0.0,22.2,0.0,-17.778, , , , , , ,09/03/03 23:29:32,185
-159.533, , ,0.0,0.0,15.2,0.0,-17.778, , , , , , ,09/03/03 23:29:34,187
-159.5, , ,0.0,0.0,17.1,0.0,-17.778, , , , , , ,09/03/03 23:29:36,189
-159.467, , ,0.0,0.0,30.0,0.0,-17.778, , , , , , ,09/03/03 23:29:38,191
-159.367, , ,0.0,0.0,24.0,0.0,-17.778, , , , , , ,09/03/03 23:29:44,197
-159.333, , ,0.0,0.0,10.0,0.0,-17.778, , , , , , ,09/03/03 23:29:46,199
-159.3, , ,0.0,0.0,10.0,0.0,-17.778, , , , , , ,09/03/03 23:29:48,201
-159.267, , ,0.0,0.0,24.9,0.0,-17.778, , , , , , ,09/03/03 23:29:50,203
-158.567, , ,0.0,0.0,22.2,0.0,-17.778, , , , , , ,09/03/03 23:30:32,245
-158.383, , ,0.0,0.0,20.7,0.0,-17.778, , , , , , ,09/03/03 23:30:43,256
-158.25, , ,0.0,0.0,22.5,0.0,-17.778, , , , , , ,09/03/03 23:30:51,264
-148.333, , ,0.0,0.0,23.6,0.0,-17.778, , , , , , ,09/03/03 23:40:46,859
-155.517, , ,0.0,0.0,0.0,0.0,-17.778, , , , , , ,09/04/03 00:00:52,428
-159.35, , ,0.0,0.0,0.0,0.0,-17.778, , , , , , ,09/04/03 00:08:51,198
-159.317, , ,0.0,0.0,95.05,0.0,-17.778, , , , , , ,09/04/03 00:08:53,200
-159.283, , ,0.0,0.0,78.22,0.0,-17.778, , , , , , ,09/04/03 00:08:55,202
-159.2, , ,0.0,0.0,48.52,0.0,-17.778, , , , , , ,09/04/03 00:09:00,207
-159.167, , ,0.0,0.0,29.215,0.0,-17.778, , , , , , ,09/04/03 00:09:02,209
-159.083, , ,0.0,0.0,44.065,0.0,-17.778, , , , , , ,09/04/03 00:09:07,214
-159.05, , ,0.0,0.0,23.77,0.0,-17.778, , , , , , ,09/04/03 00:09:09,216
-159.017, , ,0.0,0.0,17.335,0.0,-17.778, , , , , , ,09/04/03 00:09:11,218
808.817,0.0,0.0,0.0,0.0,0.0,0.0,-17.778,0.0,0.0,0.0,0.0,0.0,0.0,09/27/03 13:56:49,49020
25.517,0.0,0.0,0.0,0.0,0.0,0.0,-17.778,0.0,0.0,0.0,0.0,0.0,0.0,09/27/03 21:55:14,2022
31.9,0.0,0.0,0.0,0.0,0.0,0.0,-17.778,0.0,0.0,0.0,0.0,0.0,0.0,09/30/03 16:40:08,2405
3109.65,0.0,0.0,0.0,0.0,0.0,0.0,-17.778,0.0,0.0,0.0,0.0,0.0,0.0,10/02/03 19:57:53,187070
14.833,0.0,0.0,0.0,0.0,0.0,0.0,-17.778,0.0,0.0,0.0,0.0,0.0,0.0,10/02/03 22:31:13,1381
-5.917,0.0,0.0,0.0,0.0,0.0,0.0,-17.778,0.0,0.0,0.0,0.0,0.0,0.0,10/02/03 22:59:05,136
75.983,0.0,0.0,0.0,0.0,0.0,0.0,-17.778,0.0,0.0,0.0,0.0,0.0,0.0,10/03/03 23:13:17,5050
81.133,0.0,0.0,0.0,0.0,0.0,0.0,-17.778,0.0,0.0,0.0,0.0,0.0,0.0,10/03/03 23:18:26,5359
7.8,0.0,0.0,0.0,0.0,0.0,12.3,-17.778,0.0,0.0,0.0,0.0,0.0,0.0,10/04/03 19:39:32,959
7.933,0.0,0.0,0.0,0.0,0.0,0.0,-17.778,0.0,0.0,0.0,0.0,0.0,0.0,10/04/03 19:39:40,967
485.517,0.0,0.0,0.0,0.0,0.0,0.0,-17.778,0.0,0.0,0.0,0.0,0.0,0.0,10/10/03 16:59:29,29622
335.3,0.0,0.0,0.0,0.0,0.0,0.0,-17.778,0.0,0.0,0.0,0.0,0.0,0.0,10/11/03 19:26:16,20609
603.383,0.0,0.0,0.0,0.0,0.0,0.0,-17.778,0.0,0.0,0.0,0.0,0.0,0.0,10/11/03 23:54:21,36694
668.05,68.81,66.634,2.5,550.26,2.403,0.0,287.922,62.986,74.086,71.475,74.949,497.673,154.97,10/12/03 00:59:01,40574
668.083,69.641,66.44,2.5,506.835,1.976,0.0,263.797,69.863,66.598,69.04,71.982,538.293,184.471,10/12/03 00:59:03,40576
668.1,70.361,72.309,2.5,557.284,1.038,0.0,291.824,65.599,74.634,69.332,69.999,539.081,162.751,10/12/03 00:59:04,40577
668.133,70.188,66.707,2.5,580.281,2.503,0.0,304.6,60.45,68.068,72.872,68.685,509.207,183.23,10/12/03 00:59:06,40579
668.15,73.91,67.647,2.5,511.767,1.073,0.0,266.537,67.51,68.664,68.905,67.955,501.302,194.056,10/12/03 00:59:07,40580
668.167,68.162,65.764,2.5,538.692,1.656,0.0,281.495,62.788,69.977,66.466,69.323,513.968,196.068,10/12/03 00:59:08,40581
668.35,72.255,68.878,2.5,542.9,1.365,0.0,283.833,65.637,72.489,70.346,67.153,520.527,151.21,10/12/03 00:59:19,40592
668.367,73.717,73.2,2.5,506.091,2.327,0.0,263.384,67.806,70.899,74.714,69.916,451.553,157.768,10/12/03 00:59:20,40593
668.383,71.408,74.222,2.5,529.965,1.146,0.0,276.647,60.104,70.169,74.708,69.912,516.274,156.929,10/12/03 00:59:21,40594
668.4,69.113,67.399,2.5,512.78,2.921,0.0,267.1,63.249,74.757,69.866,70.465,478.23,173.068,10/12/03 00:59:22,40595
668.417,70.853,74.889,2.5,599.378,1.562,0.0,315.21,67.978,69.873,66.0,73.545,522.112,193.749,10/12/03 00:59:23,40596
668.417,68.099,70.035,2.5,519.731,1.184,0.0,270.962,65.327,69.205,72.945,66.85,477.222,169.823,10/12/03 00:59:23,40596
668.433,68.099,70.035,2.5,519.731,1.184,0.0,270.962,65.327,69.205,72.945,66.85,477.222,169.823,10/12/03 00:59:24,40597
675.1,68.81,66.634,2.5,550.26,2.403,0.0,287.922,62.986,74.086,71.475,74.949,497.673,154.97,10/12/03 01:06:04,40997
675.133,69.641,66.44,2.5,506.835,1.976,0.0,263.797,69.863,66.598,69.04,71.982,538.293,184.471,10/12/03 01:06:06,40999
675.15,70.361,72.309,2.5,557.284,1.038,0.0,291.824,65.599,74.634,69.332,69.999,539.081,162.751,10/12/03 01:06:07,41000
675.183,70.188,66.707,2.5,580.281,2.503,0.0,304.6,60.45,68.068,72.872,68.685,509.207,183.23,10/12/03 01:06:09,41002
675.2,73.91,67.647,2.5,511.767,1.073,0.0,266.537,67.51,68.664,68.905,67.955,501.302,194.056,10/12/03 01:06:10,41003
675.217,73.91,67.647,2.5,511.767,1.073,0.0,266.537,67.51,68.664,68.905,67.955,501.302,194.056,10/12/03 01:06:11,41004
675.217,68.162,65.764,2.5,538.692,1.656,0.0,281.495,62.788,69.977,66.466,69.323,513.968,196.068,10/12/03 01:06:11,41004
675.217,72.255,68.878,2.5,542.9,1.365,0.0,283.833,65.637,72.489,70.346,67.153,520.527,151.21,10/12/03 01:06:11,41004
675.233,72.255,68.878,2.5,542.9,1.365,0.0,283.833,65.637,72.489,70.346,67.153,520.527,151.21,10/12/03 01:06:12,41005
675.3,68.81,66.634,2.5,550.26,2.403,0.0,287.922,62.986,74.086,71.475,74.949,497.673,154.97,10/12/03 01:06:16,41009
675.333,69.641,66.44,2.5,506.835,1.976,0.0,263.797,69.863,66.598,69.04,71.982,538.293,184.471,10/12/03 01:06:18,41011
675.35,70.361,72.309,2.5,557.284,1.038,0.0,291.824,65.599,74.634,69.332,69.999,539.081,162.751,10/12/03 01:06:19,41012
675.467,70.188,66.707,2.5,580.281,2.503,0.0,304.6,60.45,68.068,72.872,68.685,509.207,183.23,10/12/03 01:06:26,41019
675.483,73.91,67.647,2.5,511.767,1.073,0.0,266.537,67.51,68.664,68.905,67.955,501.302,194.056,10/12/03 01:06:27,41020
675.5,68.162,65.764,2.5,538.692,1.656,0.0,281.495,62.788,69.977,66.466,69.323,513.968,196.068,10/12/03 01:06:28,41021
675.517,72.255,68.878,2.5,542.9,1.365,0.0,283.833,65.637,72.489,70.346,67.153,520.527,151.21,10/12/03 01:06:29,41022
688.55,68.81,66.634,2.5,550.26,2.403,0.0,287.922,62.986,74.086,71.475,74.949,497.673,154.97,10/12/03 01:19:31,41804
688.567,69.641,66.44,2.5,506.835,1.976,0.0,263.797,69.863,66.598,69.04,71.982,538.293,184.471,10/12/03 01:19:32,41805
688.583,70.361,72.309,2.5,557.284,1.038,0.0,291.824,65.599,74.634,69.332,69.999,539.081,162.751,10/12/03 01:19:33,41806
688.7,70.188,66.707,2.5,580.281,2.503,0.0,304.6,60.45,68.068,72.872,68.685,509.207,183.23,10/12/03 01:19:40,41813
688.717,73.91,67.647,2.5,511.767,1.073,0.0,266.537,67.51,68.664,68.905,67.955,501.302,194.056,10/12/03 01:19:41,41814
688.767,68.162,65.764,2.5,538.692,1.656,0.0,281.495,62.788,69.977,66.466,69.323,513.968,196.068,10/12/03 01:19:44,41817
688.8,72.255,68.878,2.5,542.9,1.365,0.0,283.833,65.637,72.489,70.346,67.153,520.527,151.21,10/12/03 01:19:46,41819
89.1,0.0,0.0,0.0,0.0,0.0,0.0,-17.778,0.0,0.0,0.0,0.0,0.0,0.0,10/14/03 01:21:26,5837
18.333,0.0,0.0,0.0,0.0,0.0,0.0,-17.778,0.0,0.0,0.0,0.0,0.0,0.0,10/14/03 11:13:40,1591
71.917,0.0,0.0,0.0,0.0,0.0,0.0,-17.778,0.0,0.0,0.0,0.0,0.0,0.0,10/14/03 20:17:42,4806
-4.2,0.0,0.0,0.0,0.0,0.0,0.0,-17.778,0.0,0.0,0.0,0.0,0.0,0.0,10/16/03 22:21:51,239
-1.583,0.0,0.0,0.0,0.0,0.0,0.0,-17.778,0.0,0.0,0.0,0.0,0.0,0.0,10/17/03 00:26:27,396
14.9,0.0,0.0,0.0,0.0,0.0,0.0,-17.778,0.0,0.0,0.0,0.0,0.0,0.0,10/22/03 22:28:03,1385
23.583,0.0,0.0,0.0,0.0,0.0,0.0,-17.778,0.0,0.0,0.0,0.0,0.0,0.0,10/24/03 19:34:58,1906
284.9,68.81,66.634,2.5,550.26,2.403,-1.351,287.922,62.986,74.086,71.475,74.949,497.673,154.97,10/24/03 23:56:17,17585
284.917,68.81,66.634,2.5,550.26,2.403,-1.351,287.922,62.986,74.086,71.475,74.949,497.673,154.97,10/24/03 23:56:18,17586
284.933,69.641,66.44,2.5,506.835,1.976,-1.442,263.797,69.863,66.598,69.04,71.982,538.293,184.471,10/24/03 23:56:19,17587
284.95,70.361,72.309,2.5,557.284,1.038,-0.892,291.824,65.599,74.634,69.332,69.999,539.081,162.751,10/24/03 23:56:20,17588
284.983,70.188,66.707,2.5,580.281,2.503,-0.64,304.6,60.45,68.068,72.872,68.685,509.207,183.23,10/24/03 23:56:22,17590
285.0,73.91,67.647,2.5,511.767,1.073,-1.858,266.537,67.51,68.664,68.905,67.955,501.302,194.056,10/24/03 23:56:23,17591
285.017,68.162,65.764,2.5,538.692,1.656,-0.857,281.495,62.788,69.977,66.466,69.323,513.968,196.068,10/24/03 23:56:24,17592
285.067,72.255,68.878,2.5,542.9,1.365,-0.931,283.833,65.637,72.489,70.346,67.153,520.527,151.21,10/24/03 23:56:27,17595
285.083,73.717,73.2,2.5,506.091,2.327,-1.155,263.384,67.806,70.899,74.714,69.916,451.553,157.768,10/24/03 23:56:28,17596
285.1,71.408,74.222,2.5,529.965,1.146,-0.66,276.647,60.104,70.169,74.708,69.912,516.274,156.929,10/24/03 23:56:29,17597
285.117,69.113,67.399,2.5,512.78,2.921,-1.062,267.1,63.249,74.757,69.866,70.465,478.23,173.068,10/24/03 23:56:30,17598
285.133,70.853,74.889,2.5,599.378,1.562,-1.516,315.21,67.978,69.873,66.0,73.545,522.112,193.749,10/24/03 23:56:31,17599
285.167,68.099,70.035,2.5,519.731,1.184,-1.74,270.962,65.327,69.205,72.945,66.85,477.222,169.823,10/24/03 23:56:33,17601
285.183,66.432,65.432,2.5,512.066,1.088,-1.931,266.703,68.854,71.507,72.002,65.537,450.092,162.113,10/24/03 23:56:34,17602
285.2,71.384,66.445,2.5,548.395,1.95,-1.079,286.886,63.044,74.92,67.524,72.037,457.349,154.72,10/24/03 23:56:35,17603
285.233,70.912,73.732,2.5,561.626,1.729,-1.466,294.237,60.074,67.96,72.629,69.981,455.609,177.4,10/24/03 23:56:37,17605
285.25,71.467,74.36,2.5,597.235,2.777,-0.092,314.019,69.721,66.371,74.809,65.945,533.391,194.498,10/24/03 23:56:38,17606
285.267,65.936,69.104,2.5,526.451,2.541,-0.63,274.695,69.423,72.119,71.721,71.125,547.95,182.454,10/24/03 23:56:39,17607
285.283,73.204,72.668,2.5,574.82,1.445,-0.845,301.567,64.981,66.072,72.05,74.116,471.94,158.728,10/24/03 23:56:40,17608
285.35,70.913,67.907,2.5,524.158,2.987,-0.706,273.421,67.368,65.513,70.727,73.742,521.48,160.04,10/24/03 23:56:44,17612
285.367,74.068,69.379,2.5,568.792,1.108,-0.652,298.218,63.005,65.829,73.149,73.451,538.0,197.337,10/24/03 23:56:45,17613
285.367,73.943,68.879,2.5,530.216,1.42,-0.416,276.786,64.428,67.328,74.508,69.27,491.927,187.449,10/24/03 23:56:45,17613
285.383,73.943,68.879,2.5,530.216,1.42,-0.416,276.786,64.428,67.328,74.508,69.27,491.927,187.449,10/24/03 23:56:46,17614
285.383,71.652,68.207,2.5,555.321,2.51,-0.412,290.734,61.637,66.586,73.401,70.716,469.735,187.183,10/24/03 23:56:46,17614
-1.3,0.0,0.0,0.0,0.0,0.0,0.0,-17.778,0.0,0.0,0.0,0.0,0.0,0.0,10/29/03 11:08:15,413
261.717,0.0,0.0,0.0,0.0,0.0,0.0,-17.778,0.0,0.0,0.0,0.0,0.0,0.0,10/31/03 14:17:22,16194
262.217,68.81,66.634,2.5,550.26,2.403,-1.351,287.922,62.986,74.086,71.475,74.949,497.673,154.97,10/31/03 14:17:52,16224
262.267,69.641,66.44,2.5,506.835,1.976,-1.442,263.797,69.863,66.598,69.04,71.982,538.293,184.471,10/31/03 14:17:55,16227
262.283,70.361,72.309,2.5,557.284,1.038,-0.892,291.824,65.599,74.634,69.332,69.999,539.081,162.751,10/31/03 14:17:56,16228
262.3,70.188,66.707,2.5,580.281,2.503,-0.64,304.6,60.45,68.068,72.872,68.685,509.207,183.23,10/31/03 14:17:57,16229
262.317,73.91,67.647,2.5,511.767,1.073,-1.858,266.537,67.51,68.664,68.905,67.955,501.302,194.056,10/31/03 14:17:58,16230
262.333,68.162,65.764,2.5,538.692,1.656,-0.857,281.495,62.788,69.977,66.466,69.323,513.968,196.068,10/31/03 14:17:59,16231
262.383,72.255,68.878,2.5,542.9,1.365,-0.931,283.833,65.637,72.489,70.346,67.153,520.527,151.21,10/31/03 14:18:02,16234
262.4,73.717,73.2,2.5,506.091,2.327,-1.155,263.384,67.806,70.899,74.714,69.916,451.553,157.768,10/31/03 14:18:03,16235
262.417,71.408,74.222,2.5,529.965,1.146,-0.66,276.647,60.104,70.169,74.708,69.912,516.274,156.929,10/31/03 14:18:04,16236
262.433,69.113,67.399,2.5,512.78,2.921,-1.062,267.1,63.249,74.757,69.866,70.465,478.23,173.068,10/31/03 14:18:05,16237
262.45,70.853,74.889,2.5,599.378,1.562,-1.516,315.21,67.978,69.873,66.0,73.545,522.112,193.749,10/31/03 14:18:06,16238
262.483,68.099,70.035,2.5,519.731,1.184,-1.74,270.962,65.327,69.205,72.945,66.85,477.222,169.823,10/31/03 14:18:08,16240
262.5,66.432,65.432,2.5,512.066,1.088,-1.931,266.703,68.854,71.507,72.002,65.537,450.092,162.113,10/31/03 14:18:09,16241
262.517,71.384,66.445,2.5,548.395,1.95,-1.079,286.886,63.044,74.92,67.524,72.037,457.349,154.72,10/31/03 14:18:10,16242
262.55,70.912,73.732,2.5,561.626,1.729,-1.466,294.237,60.074,67.96,72.629,69.981,455.609,177.4,10/31/03 14:18:12,16244
262.567,71.467,74.36,2.5,597.235,2.777,-0.092,314.019,69.721,66.371,74.809,65.945,533.391,194.498,10/31/03 14:18:13,16245
262.583,65.936,69.104,2.5,526.451,2.541,-0.63,274.695,69.423,72.119,71.721,71.125,547.95,182.454,10/31/03 14:18:14,16246
262.6,73.204,72.668,2.5,574.82,1.445,-0.845,301.567,64.981,66.072,72.05,74.116,471.94,158.728,10/31/03 14:18:15,16247
262.633,70.913,67.907,2.5,524.158,2.987,-0.706,273.421,67.368,65.513,70.727,73.742,521.48,160.04,10/31/03 14:18:17,16249
262.667,74.068,69.379,2.5,568.792,1.108,-0.652,298.218,63.005,65.829,73.149,73.451,538.0,197.337,10/31/03 14:18:19,16251
262.683,73.943,68.879,2.5,530.216,1.42,-0.416,276.786,64.428,67.328,74.508,69.27,491.927,187.449,10/31/03 14:18:20,16252
262.7,71.652,68.207,2.5,555.321,2.51,-0.412,290.734,61.637,66.586,73.401,70.716,469.735,187.183,10/31/03 14:18:21,16253
269.9,0.0,0.0,0.0,0.0,0.0,0.0,-17.778,0.0,0.0,0.0,0.0,0.0,0.0,10/31/03 14:25:33,16685
271.117,71.652,68.207,2.5,555.321,2.51,-0.412,-17.778,61.637,66.586,73.401,70.716,469.735,187.183,10/31/03 14:26:46,16758
271.783,0.0,0.0,0.0,0.0,0.0,0.0,-17.778,0.0,0.0,0.0,0.0,0.0,0.0,10/31/03 14:27:26,16798
273.567,71.652,68.207,2.5,555.321,2.51,-0.412,-17.778,61.637,66.586,73.401,70.716,469.735,187.183,10/31/03 14:29:13,16905
273.8,0.0,0.0,0.0,0.0,0.0,0.0,-17.778,0.0,0.0,0.0,0.0,0.0,0.0,10/31/03 14:29:27,16919
273.817,0.0,0.0,0.0,0.0,0.0,0.0,-17.778,0.0,0.0,0.0,0.0,0.0,0.0,10/31/03 14:29:28,16920
275.033,71.652,68.207,2.5,555.321,2.51,-0.412,-17.778,61.637,66.586,73.401,70.716,469.735,187.183,10/31/03 14:30:41,16993
350.933,68.81,66.634,2.5,550.26,2.403,-1.351,-17.778,62.986,74.086,71.475,74.949,497.673,154.97,10/31/03 15:46:35,21547
350.95,68.81,66.634,2.5,550.26,2.403,-1.351,-17.778,62.986,74.086,71.475,74.949,497.673,154.97,10/31/03 15:46:36,21548
350.967,69.641,66.44,2.5,506.835,1.976,-1.442,-17.778,69.863,66.598,69.04,71.982,538.293,184.471,10/31/03 15:46:37,21549
350.983,70.361,72.309,2.5,557.284,1.038,-0.892,-17.778,65.599,74.634,69.332,69.999,539.081,162.751,10/31/03 15:46:38,21550
351.017,70.188,66.707,2.5,580.281,2.503,-0.64,-17.778,60.45,68.068,72.872,68.685,509.207,183.23,10/31/03 15:46:40,21552
351.033,73.91,67.647,2.5,511.767,1.073,-1.858,-17.778,67.51,68.664,68.905,67.955,501.302,194.056,10/31/03 15:46:41,21553
351.05,68.162,65.764,2.5,538.692,1.656,-0.857,-17.778,62.788,69.977,66.466,69.323,513.968,196.068,10/31/03 15:46:42,21554
351.1,72.255,68.878,2.5,542.9,1.365,-0.931,-17.778,65.637,72.489,70.346,67.153,520.527,151.21,10/31/03 15:46:45,21557
351.117,73.717,73.2,2.5,506.091,2.327,-1.155,-17.778,67.806,70.899,74.714,69.916,451.553,157.768,10/31/03 15:46:46,21558
351.133,71.408,74.222,2.5,529.965,1.146,-0.66,-17.778,60.104,70.169,74.708,69.912,516.274,156.929,10/31/03 15:46:47,21559
351.15,69.113,67.399,2.5,512.78,2.921,-1.062,-17.778,63.249,74.757,69.866,70.465,478.23,173.068,10/31/03 15:46:48,21560
351.167,70.853,74.889,2.5,599.378,1.562,-1.516,-17.778,67.978,69.873,66.0,73.545,522.112,193.749,10/31/03 15:46:49,21561
351.2,68.099,70.035,2.5,519.731,1.184,-1.74,-17.778,65.327,69.205,72.945,66.85,477.222,169.823,10/31/03 15:46:51,21563
351.217,66.432,65.432,2.5,512.066,1.088,-1.931,-17.778,68.854,71.507,72.002,65.537,450.092,162.113,10/31/03 15:46:52,21564
351.25,71.384,66.445,2.5,548.395,1.95,-1.079,-17.778,63.044,74.92,67.524,72.037,457.349,154.72,10/31/03 15:46:54,21566
351.267,70.912,73.732,2.5,561.626,1.729,-1.466,-17.778,60.074,67.96,72.629,69.981,455.609,177.4,10/31/03 15:46:55,21567
351.283,71.467,74.36,2.5,597.235,2.777,-0.092,-17.778,69.721,66.371,74.809,65.945,533.391,194.498,10/31/03 15:46:56,21568
351.3,65.936,69.104,2.5,526.451,2.541,-0.63,-17.778,69.423,72.119,71.721,71.125,547.95,182.454,10/31/03 15:46:57,21569
351.317,73.204,72.668,2.5,574.82,1.445,-0.845,-17.778,64.981,66.072,72.05,74.116,471.94,158.728,10/31/03 15:46:58,21570
351.35,70.913,67.907,2.5,524.158,2.987,-0.706,-17.778,67.368,65.513,70.727,73.742,521.48,160.04,10/31/03 15:47:00,21572
351.383,74.068,69.379,2.5,568.792,1.108,-0.652,-17.778,63.005,65.829,73.149,73.451,538.0,197.337,10/31/03 15:47:02,21574
351.417,73.943,68.879,2.5,530.216,1.42,-0.416,-17.778,64.428,67.328,74.508,69.27,491.927,187.449,10/31/03 15:47:04,21576
351.433,71.652,68.207,2.5,555.321,2.51,-0.412,-17.778,61.637,66.586,73.401,70.716,469.735,187.183,10/31/03 15:47:05,21577
34.517,0.0,0.0,0.0,0.0,0.0,0.0,-17.778,0.0,0.0,0.0,0.0,0.0,0.0,11/01/03 07:03:24,2562
245.167,68.81,66.634,2.5,550.26,2.403,-1.351,-17.778,62.986,74.086,71.475,74.949,497.673,154.97,11/01/03 10:34:03,15201
245.183,68.81,66.634,2.5,550.26,2.403,-1.351,-17.778,62.986,74.086,71.475,74.949,497.673,154.97,11/01/03 10:34:04,15202
245.2,69.641,66.44,2.5,506.835,1.976,-1.442,-17.778,69.863,66.598,69.04,71.982,538.293,184.471,11/01/03 10:34:05,15203
245.217,70.361,72.309,2.5,557.284,1.038,-0.892,-17.778,65.599,74.634,69.332,69.999,539.081,162.751,11/01/03 10:34:06,15204
245.233,70.361,72.309,2.5,557.284,1.038,-0.892,-17.778,65.599,74.634,69.332,69.999,539.081,162.751,11/01/03 10:34:07,15205
245.25,70.188,66.707,2.5,580.281,2.503,-0.64,-17.778,60.45,68.068,72.872,68.685,509.207,183.23,11/01/03 10:34:08,15206
245.267,73.91,67.647,2.5,511.767,1.073,-1.858,-17.778,67.51,68.664,68.905,67.955,501.302,194.056,11/01/03 10:34:09,15207
245.283,68.162,65.764,2.5,538.692,1.656,-0.857,-17.778,62.788,69.977,66.466,69.323,513.968,196.068,11/01/03 10:34:10,15208
245.333,72.255,68.878,2.5,542.9,1.365,-0.931,-17.778,65.637,72.489,70.346,67.153,520.527,151.21,11/01/03 10:34:13,15211
245.35,73.717,73.2,2.5,506.091,2.327,-1.155,-17.778,67.806,70.899,74.714,69.916,451.553,157.768,11/01/03 10:34:14,15212
245.367,71.408,74.222,2.5,529.965,1.146,-0.66,-17.778,60.104,70.169,74.708,69.912,516.274,156.929,11/01/03 10:34:15,15213
245.383,69.113,67.399,2.5,512.78,2.921,-1.062,-17.778,63.249,74.757,69.866,70.465,478.23,173.068,11/01/03 10:34:16,15214
245.45,0.0,0.0,0.0,0.0,0.0,0.0,-17.778,67.978,0.0,0.0,0.0,0.0,0.0,11/01/03 10:34:20,15218
245.467,68.099,70.035,2.5,519.731,1.184,-1.74,270.962,65.327,69.205,72.945,66.85,477.222,169.823,11/01/03 10:34:21,15219
245.467,66.432,65.432,2.5,512.066,1.088,-1.931,266.703,68.854,71.507,72.002,65.537,450.092,162.113,11/01/03 10:34:21,15219
245.483,66.432,65.432,2.5,512.066,1.088,-1.931,266.703,68.854,71.507,72.002,65.537,450.092,162.113,11/01/03 10:34:22,15220
245.517,71.384,66.445,2.5,548.395,1.95,-1.079,286.886,63.044,74.92,67.524,72.037,457.349,154.72,11/01/03 10:34:24,15222
245.517,70.912,73.732,2.5,561.626,1.729,-1.466,294.237,60.074,67.96,72.629,69.981,455.609,177.4,11/01/03 10:34:24,15222
245.533,71.467,74.36,2.5,597.235,2.777,-0.092,314.019,69.721,66.371,74.809,65.945,533.391,194.498,11/01/03 10:34:25,15223
245.55,65.936,69.104,2.5,526.451,2.541,-0.63,274.695,69.423,72.119,71.721,71.125,547.95,182.454,11/01/03 10:34:26,15224
245.567,73.204,72.668,2.5,574.82,1.445,-0.845,301.567,64.981,66.072,72.05,74.116,471.94,158.728,11/01/03 10:34:27,15225
245.6,70.913,67.907,2.5,524.158,2.987,-0.706,273.421,67.368,65.513,70.727,73.742,521.48,160.04,11/01/03 10:34:29,15227
245.633,74.068,69.379,2.5,568.792,1.108,-0.652,298.218,63.005,65.829,73.149,73.451,538.0,197.337,11/01/03 10:34:31,15229
245.65,73.943,68.879,2.5,530.216,1.42,-0.416,276.786,64.428,67.328,74.508,69.27,491.927,187.449,11/01/03 10:34:32,15230
245.667,71.652,68.207,2.5,555.321,2.51,-0.412,290.734,61.637,66.586,73.401,70.716,469.735,187.183,11/01/03 10:34:33,15231
245.95,0.0,0.0,0.0,0.0,0.0,0.0,-17.778,0.0,0.0,0.0,0.0,0.0,0.0,11/01/03 10:34:50,15248
245.967,0.0,0.0,0.0,0.0,0.0,0.0,-17.778,0.0,0.0,0.0,0.0,0.0,0.0,11/01/03 10:34:51,15249
246.017,68.81,66.634,2.5,550.26,2.403,-1.351,287.922,62.986,74.086,71.475,74.949,497.673,154.97,11/01/03 10:34:54,15252
246.05,69.641,66.44,2.5,506.835,1.976,-1.442,263.797,69.863,66.598,69.04,71.982,538.293,184.471,11/01/03 10:34:56,15254
246.067,70.361,72.309,2.5,557.284,1.038,-0.892,291.824,65.599,74.634,69.332,69.999,539.081,162.751,11/01/03 10:34:57,15255
246.1,70.188,66.707,2.5,580.281,2.503,-0.64,304.6,60.45,68.068,72.872,68.685,509.207,183.23,11/01/03 10:34:59,15257
246.117,73.91,67.647,2.5,511.767,1.073,-1.858,266.537,67.51,68.664,68.905,67.955,501.302,194.056,11/01/03 10:35:00,15258
246.133,68.162,65.764,2.5,538.692,1.656,-0.857,281.495,62.788,69.977,66.466,69.323,513.968,196.068,11/01/03 10:35:01,15259
246.217,73.717,73.2,2.5,506.091,2.327,-1.155,263.384,67.806,70.899,74.714,69.916,451.553,157.768,11/01/03 10:35:06,15264
246.25,69.113,67.399,2.5,512.78,1.146,-1.062,267.1,63.249,74.757,69.866,70.465,478.23,173.068,11/01/03 10:35:08,15266
246.267,69.113,67.399,2.5,512.78,1.146,-1.062,267.1,63.249,74.757,69.866,70.465,478.23,173.068,11/01/03 10:35:09,15267
246.267,69.113,67.399,2.5,512.78,2.921,-1.062,267.1,63.249,74.757,69.866,70.465,478.23,173.068,11/01/03 10:35:09,15267
246.267,70.853,74.889,2.5,599.378,1.562,-1.516,315.21,67.978,69.873,66.0,73.545,522.112,193.749,11/01/03 10:35:09,15267
246.3,68.099,70.035,2.5,519.731,1.184,-1.74,270.962,65.327,69.205,72.945,66.85,477.222,169.823,11/01/03 10:35:11,15269
246.317,66.432,65.432,2.5,512.066,1.088,-1.931,266.703,68.854,71.507,72.002,65.537,450.092,162.113,11/01/03 10:35:12,15270
246.333,71.384,66.445,2.5,548.395,1.95,-1.079,286.886,63.044,74.92,67.524,72.037,457.349,154.72,11/01/03 10:35:13,15271
246.367,70.912,73.732,2.5,561.626,1.729,-1.466,294.237,60.074,67.96,72.629,69.981,455.609,177.4,11/01/03 10:35:15,15273
246.383,71.467,74.36,2.5,597.235,2.777,-0.092,314.019,69.721,66.371,74.809,65.945,533.391,194.498,11/01/03 10:35:16,15274
246.4,65.936,69.104,2.5,526.451,2.541,-0.63,274.695,69.423,72.119,71.721,71.125,547.95,182.454,11/01/03 10:35:17,15275
246.417,73.204,72.668,2.5,574.82,1.445,-0.845,301.567,64.981,66.072,72.05,74.116,471.94,158.728,11/01/03 10:35:18,15276
246.45,70.913,67.907,2.5,524.158,2.987,-0.706,273.421,67.368,65.513,70.727,73.742,521.48,160.04,11/01/03 10:35:20,15278
246.5,74.068,69.379,2.5,568.792,1.108,-0.652,298.218,63.005,65.829,73.149,73.451,538.0,197.337,11/01/03 10:35:23,15281
246.517,74.068,69.379,2.5,568.792,1.108,-0.652,298.218,63.005,65.829,73.149,73.451,538.0,197.337,11/01/03 10:35:24,15282
246.517,73.943,68.879,2.5,530.216,1.42,-0.416,276.786,64.428,67.328,74.508,69.27,491.927,187.449,11/01/03 10:35:24,15282
246.517,71.652,68.207,2.5,555.321,2.51,-0.412,290.734,61.637,66.586,73.401,70.716,469.735,187.183,11/01/03 10:35:24,15282
246.533,71.652,68.207,2.5,555.321,2.51,-0.412,290.734,61.637,66.586,73.401,70.716,469.735,187.183,11/01/03 10:35:25,15283
11.15,0.0,0.0,0.0,0.0,0.0,0.0,-17.778,0.0,0.0,0.0,0.0,0.0,0.0,11/02/03 11:57:38,1160
11.167,66.432,65.432,2.5,512.066,1.088,-1.931,266.703,68.854,71.507,72.002,65.537,450.092,162.113,11/02/03 11:57:39,1161
11.183,71.384,66.445,2.5,548.395,1.95,-1.079,286.886,63.044,74.92,67.524,72.037,457.349,154.72,11/02/03 11:57:40,1162
11.217,70.912,73.732,2.5,561.626,1.729,-1.466,294.237,60.074,67.96,72.629,69.981,455.609,177.4,11/02/03 11:57:42,1164
11.233,71.467,74.36,2.5,597.235,2.777,-0.092,314.019,69.721,66.371,74.809,65.945,533.391,194.498,11/02/03 11:57:43,1165
11.25,65.936,69.104,2.5,526.451,2.541,-0.63,274.695,69.423,72.119,71.721,71.125,547.95,182.454,11/02/03 11:57:44,1166
11.267,73.204,72.668,2.5,574.82,1.445,-0.845,301.567,64.981,66.072,72.05,74.116,471.94,158.728,11/02/03 11:57:45,1167
11.283,73.204,72.668,2.5,574.82,1.445,-0.845,301.567,64.981,66.072,72.05,74.116,471.94,158.728,11/02/03 11:57:46,1168
11.283,70.913,67.907,2.5,524.158,2.987,-0.706,273.421,67.368,65.513,70.727,73.742,521.48,160.04,11/02/03 11:57:46,1168
11.3,68.81,66.634,2.5,550.26,2.403,-1.351,287.922,62.986,74.086,71.475,74.949,497.673,154.97,11/02/03 11:57:47,1169
11.317,69.641,66.44,2.5,506.835,1.976,-1.442,263.797,69.863,66.598,69.04,71.982,538.293,184.471,11/02/03 11:57:48,1170
11.333,70.361,72.309,2.5,557.284,1.038,-0.892,291.824,65.599,74.634,69.332,69.999,539.081,162.751,11/02/03 11:57:49,1171
11.367,70.188,66.707,2.5,580.281,2.503,-0.64,304.6,60.45,68.068,72.872,68.685,509.207,183.23,11/02/03 11:57:51,1173
11.383,73.91,67.647,2.5,511.767,1.073,-1.858,266.537,67.51,68.664,68.905,67.955,501.302,194.056,11/02/03 11:57:52,1174
11.4,68.162,65.764,2.5,538.692,1.656,-0.857,281.495,62.788,69.977,66.466,69.323,513.968,196.068,11/02/03 11:57:53,1175
11.45,72.255,68.878,2.5,542.9,1.365,-0.931,283.833,65.637,72.489,70.346,67.153,520.527,151.21,11/02/03 11:57:56,1178
11.467,73.717,73.2,2.5,506.091,2.327,-1.155,263.384,67.806,70.899,74.714,69.916,451.553,157.768,11/02/03 11:57:57,1179
11.483,71.408,74.222,2.5,529.965,1.146,-0.66,276.647,60.104,70.169,74.708,69.912,516.274,156.929,11/02/03 11:57:58,1180
11.5,69.113,67.399,2.5,512.78,2.921,-1.062,267.1,63.249,74.757,69.866,70.465,478.23,173.068,11/02/03 11:57:59,1181
11.517,70.853,74.889,2.5,599.378,1.562,-1.516,315.21,67.978,69.873,66.0,73.545,522.112,193.749,11/02/03 11:58:00,1182
11.55,68.099,70.035,2.5,519.731,1.184,-1.74,270.962,65.327,69.205,72.945,66.85,477.222,169.823,11/02/03 11:58:02,1184
11.567,66.432,65.432,2.5,512.066,1.088,-1.931,266.703,68.854,71.507,72.002,65.537,450.092,162.113,11/02/03 11:58:03,1185
11.583,71.384,66.445,2.5,548.395,1.95,-1.079,286.886,63.044,74.92,67.524,72.037,457.349,154.72,11/02/03 11:58:04,1186
11.617,70.912,73.732,2.5,561.626,1.729,-1.466,294.237,60.074,67.96,72.629,69.981,455.609,177.4,11/02/03 11:58:06,1188
11.633,71.467,74.36,2.5,597.235,2.777,-0.092,314.019,69.721,66.371,74.809,65.945,533.391,194.498,11/02/03 11:58:07,1189
11.65,65.936,69.104,2.5,526.451,2.541,-0.63,274.695,69.423,72.119,71.721,71.125,547.95,182.454,11/02/03 11:58:08,1190
11.667,73.204,72.668,2.5,574.82,1.445,-0.845,301.567,64.981,66.072,72.05,74.116,471.94,158.728,11/02/03 11:58:09,1191
11.7,70.913,67.907,2.5,524.158,2.987,-0.706,273.421,67.368,65.513,70.727,73.742,521.48,160.04,11/02/03 11:58:11,1193
11.733,74.068,69.379,2.5,568.792,1.108,-0.652,298.218,63.005,65.829,73.149,73.451,538.0,197.337,11/02/03 11:58:13,1195
11.75,73.943,68.879,2.5,530.216,1.42,-0.416,276.786,64.428,67.328,74.508,69.27,491.927,187.449,11/02/03 11:58:14,1196
11.767,71.652,68.207,2.5,555.321,2.51,-0.412,290.734,61.637,66.586,73.401,70.716,469.735,187.183,11/02/03 11:58:15,1197
-4.783,0.0,0.0,0.0,0.0,0.0,0.0,-17.778,0.0,0.0,0.0,0.0,0.0,0.0,11/04/03 19:10:42,204
33.683,0.0,0.0,0.0,0.0,0.0,0.0,-17.778,0.0,0.0,0.0,0.0,0.0,0.0,11/05/03 09:17:21,2512
316.0,68.81,66.634,2.5,550.26,2.403,-1.351,287.922,62.986,74.086,71.475,74.949,497.673,154.97,11/05/03 13:59:40,19451
316.017,69.641,66.44,2.5,506.835,1.976,-1.442,263.797,69.863,66.598,69.04,71.982,538.293,184.471,11/05/03 13:59:41,19452
316.033,69.641,66.44,2.5,506.835,1.976,-1.442,263.797,69.863,66.598,69.04,71.982,538.293,184.471,11/05/03 13:59:42,19453
316.033,70.361,72.309,2.5,557.284,1.038,-0.892,291.824,65.599,74.634,69.332,69.999,539.081,162.751,11/05/03 13:59:42,19453
316.05,70.361,72.309,2.5,557.284,1.038,-0.892,291.824,65.599,74.634,69.332,69.999,539.081,162.751,11/05/03 13:59:43,19454
316.083,70.188,66.707,2.5,580.281,2.503,-0.64,304.6,60.45,68.068,72.872,68.685,509.207,183.23,11/05/03 13:59:45,19456
316.083,73.91,67.647,2.5,511.767,1.073,-1.858,266.537,67.51,68.664,68.905,67.955,501.302,194.056,11/05/03 13:59:45,19456
316.1,73.91,67.647,2.5,511.767,1.073,-1.858,266.537,67.51,68.664,68.905,67.955,501.302,194.056,11/05/03 13:59:46,19457
316.117,68.162,65.764,2.5,538.692,1.656,-0.857,281.495,62.788,69.977,66.466,69.323,513.968,196.068,11/05/03 13:59:47,19458
316.15,72.255,68.878,2.5,542.9,1.365,-0.931,283.833,65.637,72.489,70.346,67.153,520.527,151.21,11/05/03 13:59:49,19460
316.167,73.717,73.2,2.5,506.091,2.327,-1.155,263.384,67.806,70.899,74.714,69.916,451.553,157.768,11/05/03 13:59:50,19461
316.183,71.408,74.222,2.5,529.965,1.146,-0.66,276.647,60.104,70.169,74.708,69.912,516.274,156.929,11/05/03 13:59:51,19462
316.2,69.113,67.399,2.5,512.78,2.921,-1.062,267.1,63.249,74.757,69.866,70.465,478.23,173.068,11/05/03 13:59:52,19463
316.217,70.853,74.889,2.5,599.378,1.562,-1.516,315.21,67.978,69.873,66.0,73.545,522.112,193.749,11/05/03 13:59:53,19464
316.25,68.099,70.035,2.5,519.731,1.184,-1.74,270.962,65.327,69.205,72.945,66.85,477.222,169.823,11/05/03 13:59:55,19466
316.267,66.432,65.432,2.5,512.066,1.088,-1.931,266.703,68.854,71.507,72.002,65.537,450.092,162.113,11/05/03 13:59:56,19467
316.283,66.432,65.432,2.5,512.066,1.088,-1.931,266.703,68.854,71.507,72.002,65.537,450.092,162.113,11/05/03 13:59:57,19468
316.283,71.384,66.445,2.5,548.395,1.95,-1.079,286.886,63.044,74.92,67.524,72.037,457.349,154.72,11/05/03 13:59:57,19468
316.317,70.912,73.732,2.5,561.626,1.729,-1.466,294.237,60.074,67.96,72.629,69.981,455.609,177.4,11/05/03 13:59:59,19470
316.333,71.467,74.36,2.5,597.235,2.777,-0.092,314.019,69.721,66.371,74.809,65.945,533.391,194.498,11/05/03 14:00:00,19471
316.35,65.936,69.104,2.5,526.451,2.541,-0.63,274.695,69.423,72.119,71.721,71.125,547.95,182.454,11/05/03 14:00:01,19472
316.367,65.936,69.104,2.5,526.451,2.541,-0.63,274.695,69.423,72.119,71.721,71.125,547.95,182.454,11/05/03 14:00:02,19473
316.367,73.204,72.668,2.5,574.82,1.445,-0.845,301.567,64.981,66.072,72.05,74.116,471.94,158.728,11/05/03 14:00:02,19473
316.4,70.913,67.907,2.5,524.158,2.987,-0.706,273.421,67.368,65.513,70.727,73.742,521.48,160.04,11/05/03 14:00:04,19475
316.433,74.068,69.379,2.5,568.792,1.108,-0.652,298.218,63.005,65.829,73.149,73.451,538.0,197.337,11/05/03 14:00:06,19477
316.45,74.068,69.379,2.5,568.792,1.108,-0.652,298.218,63.005,65.829,73.149,73.451,538.0,197.337,11/05/03 14:00:07,19478
316.45,73.943,68.879,2.5,530.216,1.42,-0.416,276.786,64.428,67.328,74.508,69.27,491.927,187.449,11/05/03 14:00:07,19478
316.467,71.652,68.207,2.5,555.321,2.51,-0.412,290.734,61.637,66.586,73.401,70.716,469.735,187.183,11/05/03 14:00:08,19479
316.483,71.652,68.207,2.5,555.321,2.51,-0.412,290.734,61.637,66.586,73.401,70.716,469.735,187.183,11/05/03 14:00:09,19480
318.3,0.0,0.0,0.0,0.0,0.0,0.0,-17.778,0.0,0.0,0.0,0.0,0.0,0.0,11/05/03 14:01:58,19589
318.317,0.0,0.0,0.0,0.0,0.0,0.0,-17.778,0.0,0.0,0.0,0.0,0.0,0.0,11/05/03 14:01:59,19590
318.467,68.81,66.634,2.5,550.26,2.403,-1.351,287.922,62.986,74.086,71.475,74.949,497.673,154.97,11/05/03 14:02:08,19599
318.483,68.81,66.634,2.5,550.26,2.403,-1.351,287.922,62.986,74.086,71.475,74.949,497.673,154.97,11/05/03 14:02:09,19600
318.5,69.641,66.44,2.5,506.835,1.976,-1.442,263.797,69.863,66.598,69.04,71.982,538.293,184.471,11/05/03 14:02:10,19601
318.517,70.361,72.309,2.5,557.284,1.038,-0.892,291.824,65.599,74.634,69.332,69.999,539.081,162.751,11/05/03 14:02:11,19602
318.617,73.91,67.647,2.5,580.281,2.503,-1.858,304.6,67.51,68.664,68.905,67.955,501.302,194.056,11/05/03 14:02:17,19608
318.667,68.162,65.764,2.5,538.692,1.656,-0.857,281.495,62.788,69.977,66.466,69.323,513.968,196.068,11/05/03 14:02:20,19611
318.7,72.255,68.878,2.5,542.9,1.365,-0.931,283.833,65.637,72.489,70.346,67.153,520.527,151.21,11/05/03 14:02:22,19613
318.717,73.717,73.2,2.5,506.091,2.327,-1.155,263.384,67.806,70.899,74.714,69.916,451.553,157.768,11/05/03 14:02:23,19614
318.717,71.408,74.222,2.5,529.965,1.146,-0.66,276.647,60.104,70.169,74.708,69.912,516.274,156.929,11/05/03 14:02:23,19614
318.733,71.408,74.222,2.5,529.965,1.146,-0.66,276.647,60.104,70.169,74.708,69.912,516.274,156.929,11/05/03 14:02:24,19615
318.733,69.113,67.399,2.5,512.78,2.921,-1.062,267.1,63.249,74.757,69.866,70.465,478.23,173.068,11/05/03 14:02:24,19615
318.75,70.853,74.889,2.5,599.378,1.562,-1.516,315.21,67.978,69.873,66.0,73.545,522.112,193.749,11/05/03 14:02:25,19616
318.783,68.099,70.035,2.5,519.731,1.184,-1.74,270.962,65.327,69.205,72.945,66.85,477.222,169.823,11/05/03 14:02:27,19618
318.8,66.432,65.432,2.5,512.066,1.088,-1.931,266.703,68.854,71.507,72.002,65.537,450.092,162.113,11/05/03 14:02:28,19619
318.817,71.384,66.445,2.5,548.395,1.95,-1.079,286.886,63.044,74.92,67.524,72.037,457.349,154.72,11/05/03 14:02:29,19620
318.85,70.912,73.732,2.5,561.626,1.729,-1.466,294.237,60.074,67.96,72.629,69.981,455.609,177.4,11/05/03 14:02:31,19622
318.867,71.467,74.36,2.5,597.235,2.777,-0.092,314.019,69.721,66.371,74.809,65.945,533.391,194.498,11/05/03 14:02:32,19623
318.883,65.936,69.104,2.5,526.451,2.541,-0.63,274.695,69.423,72.119,71.721,71.125,547.95,182.454,11/05/03 14:02:33,19624
318.9,73.204,72.668,2.5,574.82,1.445,-0.845,301.567,64.981,66.072,72.05,74.116,471.94,158.728,11/05/03 14:02:34,19625
318.933,70.913,67.907,2.5,524.158,2.987,-0.706,273.421,67.368,65.513,70.727,73.742,521.48,160.04,11/05/03 14:02:36,19627
318.95,70.913,67.907,2.5,524.158,2.987,-0.706,273.421,67.368,65.513,70.727,73.742,521.48,160.04,11/05/03 14:02:37,19628
318.967,74.068,69.379,2.5,568.792,1.108,-0.652,298.218,63.005,65.829,73.149,73.451,538.0,197.337,11/05/03 14:02:38,19629
318.983,73.943,68.879,2.5,530.216,1.42,-0.416,276.786,64.428,67.328,74.508,69.27,491.927,187.449,11/05/03 14:02:39,19630
319.0,71.652,68.207,2.5,555.321,2.51,-0.412,290.734,61.637,66.586,73.401,70.716,469.735,187.183,11/05/03 14:02:40,19631
391.883,68.81,66.634,2.5,550.26,2.403,-1.351,287.922,62.986,74.086,71.475,74.949,497.673,154.97,11/05/03 15:15:33,24004
391.917,69.641,66.44,2.5,506.835,1.976,-1.442,263.797,69.863,66.598,69.04,71.982,538.293,184.471,11/05/03 15:15:35,24006
391.933,70.361,72.309,2.5,557.284,1.038,-0.892,291.824,65.599,74.634,69.332,69.999,539.081,162.751,11/05/03 15:15:36,24007
-0.65,0.0,0.0,0.0,0.0,0.0,0.0,-17.778,0.0,0.0,0.0,0.0,0.0,0.0,11/09/03 22:11:20,452
0.267,68.81,66.634,2.5,550.26,2.403,-1.351,287.922,62.986,74.086,71.475,74.949,497.673,154.97,11/09/03 22:12:15,507
0.283,69.641,66.44,2.5,506.835,1.976,-1.442,263.797,69.863,66.598,69.04,71.982,538.293,184.471,11/09/03 22:12:16,508
0.3,70.361,72.309,2.5,557.284,1.038,-0.892,291.824,65.599,74.634,69.332,69.999,539.081,162.751,11/09/03 22:12:17,509
0.333,70.188,66.707,2.5,580.281,2.503,-0.64,304.6,60.45,68.068,72.872,68.685,509.207,183.23,11/09/03 22:12:19,511
0.35,73.91,67.647,2.5,511.767,1.073,-1.858,266.537,67.51,68.664,68.905,67.955,501.302,194.056,11/09/03 22:12:20,512
0.367,68.162,65.764,2.5,538.692,1.656,-0.857,281.495,62.788,69.977,66.466,69.323,513.968,196.068,11/09/03 22:12:21,513
0.417,72.255,68.878,2.5,542.9,1.365,-0.931,283.833,65.637,72.489,70.346,67.153,520.527,151.21,11/09/03 22:12:24,516
0.433,73.717,73.2,2.5,506.091,2.327,-1.155,263.384,67.806,70.899,74.714,69.916,451.553,157.768,11/09/03 22:12:25,517
0.45,71.408,74.222,2.5,529.965,1.146,-0.66,276.647,60.104,70.169,74.708,69.912,516.274,156.929,11/09/03 22:12:26,518
0.467,69.113,67.399,2.5,512.78,2.921,-1.062,267.1,63.249,74.757,69.866,70.465,478.23,173.068,11/09/03 22:12:27,519
0.483,70.853,74.889,2.5,599.378,1.562,-1.516,315.21,67.978,69.873,66.0,73.545,522.112,193.749,11/09/03 22:12:28,520
0.517,68.099,70.035,2.5,519.731,1.184,-1.74,270.962,65.327,69.205,72.945,66.85,477.222,169.823,11/09/03 22:12:30,522
0.533,66.432,65.432,2.5,512.066,1.088,-1.931,266.703,68.854,71.507,72.002,65.537,450.092,162.113,11/09/03 22:12:31,523
0.55,71.384,66.445,2.5,548.395,1.95,-1.079,286.886,63.044,74.92,67.524,72.037,457.349,154.72,11/09/03 22:12:32,524
0.583,70.912,73.732,2.5,561.626,1.729,-1.466,294.237,60.074,67.96,72.629,69.981,455.609,177.4,11/09/03 22:12:34,526
0.6,71.467,74.36,2.5,597.235,2.777,-0.092,314.019,69.721,66.371,74.809,65.945,533.391,194.498,11/09/03 22:12:35,527
0.617,65.936,69.104,2.5,526.451,2.541,-0.63,274.695,69.423,72.119,71.721,71.125,547.95,182.454,11/09/03 22:12:36,528
0.633,73.204,72.668,2.5,574.82,1.445,-0.845,301.567,64.981,66.072,72.05,74.116,471.94,158.728,11/09/03 22:12:37,529
0.667,70.913,67.907,2.5,524.158,2.987,-0.706,273.421,67.368,65.513,70.727,73.742,521.48,160.04,11/09/03 22:12:39,531
0.7,74.068,69.379,2.5,568.792,1.108,-0.652,298.218,63.005,65.829,73.149,73.451,538.0,197.337,11/09/03 22:12:41,533
0.717,73.943,68.879,2.5,530.216,1.42,-0.416,276.786,64.428,67.328,74.508,69.27,491.927,187.449,11/09/03 22:12:42,534
0.733,71.652,68.207,2.5,555.321,2.51,-0.412,290.734,61.637,66.586,73.401,70.716,469.735,187.183,11/09/03 22:12:43,535
1.7,68.81,66.634,2.5,550.26,2.403,-1.351,287.922,62.986,74.086,71.475,74.949,497.673,154.97,11/09/03 22:13:41,593
1.733,69.641,66.44,2.5,506.835,1.976,-1.442,263.797,69.863,66.598,69.04,71.982,538.293,184.471,11/09/03 22:13:43,595
1.75,70.361,72.309,2.5,557.284,1.038,-0.892,291.824,65.599,74.634,69.332,69.999,539.081,162.751,11/09/03 22:13:44,596
1.783,70.188,66.707,2.5,580.281,2.503,-0.64,304.6,60.45,68.068,72.872,68.685,509.207,183.23,11/09/03 22:13:46,598
1.8,73.91,67.647,2.5,511.767,1.073,-1.858,266.537,67.51,68.664,68.905,67.955,501.302,194.056,11/09/03 22:13:47,599
1.817,68.162,65.764,2.5,538.692,1.656,-0.857,281.495,62.788,69.977,66.466,69.323,513.968,196.068,11/09/03 22:13:48,600
1.867,72.255,68.878,2.5,542.9,1.365,-0.931,283.833,65.637,72.489,70.346,67.153,520.527,151.21,11/09/03 22:13:51,603
1.883,72.255,68.878,2.5,542.9,1.365,-0.931,283.833,65.637,72.489,70.346,67.153,520.527,151.21,11/09/03 22:13:52,604
1.883,73.717,73.2,2.5,506.091,2.327,-1.155,263.384,67.806,70.899,74.714,69.916,451.553,157.768,11/09/03 22:13:52,604
1.9,71.408,74.222,2.5,529.965,1.146,-0.66,276.647,60.104,70.169,74.708,69.912,516.274,156.929,11/09/03 22:13:53,605
1.917,69.113,67.399,2.5,512.78,2.921,-1.062,267.1,63.249,74.757,69.866,70.465,478.23,173.068,11/09/03 22:13:54,606
1.933,70.853,74.889,2.5,599.378,1.562,-1.516,315.21,67.978,69.873,66.0,73.545,522.112,193.749,11/09/03 22:13:55,607
1.967,68.099,70.035,2.5,519.731,1.184,-1.74,270.962,65.327,69.205,72.945,66.85,477.222,169.823,11/09/03 22:13:57,609
1.983,66.432,65.432,2.5,512.066,1.088,-1.931,266.703,68.854,71.507,72.002,65.537,450.092,162.113,11/09/03 22:13:58,610
2.0,71.384,66.445,2.5,548.395,1.95,-1.079,286.886,63.044,74.92,67.524,72.037,457.349,154.72,11/09/03 22:13:59,611
2.033,70.912,73.732,2.5,561.626,1.729,-1.466,294.237,60.074,67.96,72.629,69.981,455.609,177.4,11/09/03 22:14:01,613
2.05,71.467,74.36,2.5,597.235,2.777,-0.092,314.019,69.721,66.371,74.809,65.945,533.391,194.498,11/09/03 22:14:02,614
2.067,65.936,69.104,2.5,526.451,2.541,-0.63,274.695,69.423,72.119,71.721,71.125,547.95,182.454,11/09/03 22:14:03,615
2.083,73.204,72.668,2.5,574.82,1.445,-0.845,301.567,64.981,66.072,72.05,74.116,471.94,158.728,11/09/03 22:14:04,616
2.083,70.913,67.907,2.5,524.158,2.987,-0.706,273.421,67.368,65.513,70.727,73.742,521.48,160.04,11/09/03 22:14:04,616
248.233,0.0,0.0,0.0,0.0,0.0,0.0,-17.778,0.0,0.0,0.0,0.0,0.0,0.0,11/13/03 22:50:29,15385
269.417,68.81,66.634,2.5,550.26,2.403,-1.351,287.922,62.986,74.086,71.475,74.949,497.673,154.97,11/13/03 23:11:40,16656
269.433,68.81,66.634,2.5,550.26,2.403,-1.351,287.922,62.986,74.086,71.475,74.949,497.673,154.97,11/13/03 23:11:41,16657
269.45,69.641,66.44,2.5,506.835,1.976,-1.442,263.797,69.863,66.598,69.04,71.982,538.293,184.471,11/13/03 23:11:42,16658
269.467,69.641,66.44,2.5,506.835,1.976,-1.442,263.797,69.863,66.598,69.04,71.982,538.293,184.471,11/13/03 23:11:43,16659
269.467,70.361,72.309,2.5,557.284,1.038,-0.892,291.824,65.599,74.634,69.332,69.999,539.081,162.751,11/13/03 23:11:43,16659
269.483,70.361,72.309,2.5,557.284,1.038,-0.892,291.824,65.599,74.634,69.332,69.999,539.081,162.751,11/13/03 23:11:44,16660
269.5,70.188,66.707,2.5,580.281,2.503,-0.64,304.6,60.45,68.068,72.872,68.685,509.207,183.23,11/13/03 23:11:45,16661
269.517,73.91,67.647,2.5,511.767,1.073,-1.858,266.537,67.51,68.664,68.905,67.955,501.302,194.056,11/13/03 23:11:46,16662
269.533,68.162,65.764,2.5,538.692,1.656,-0.857,281.495,62.788,69.977,66.466,69.323,513.968,196.068,11/13/03 23:11:47,16663
269.55,68.162,65.764,2.5,538.692,1.656,-0.857,281.495,62.788,69.977,66.466,69.323,513.968,196.068,11/13/03 23:11:48,16664
269.583,72.255,68.878,2.5,542.9,1.365,-0.931,283.833,65.637,72.489,70.346,67.153,520.527,151.21,11/13/03 23:11:50,16666
269.6,73.717,73.2,2.5,506.091,2.327,-1.155,263.384,67.806,70.899,74.714,69.916,451.553,157.768,11/13/03 23:11:51,16667
269.617,71.408,74.222,2.5,529.965,1.146,-0.66,276.647,60.104,70.169,74.708,69.912,516.274,156.929,11/13/03 23:11:52,16668
269.633,71.408,74.222,2.5,529.965,1.146,-0.66,276.647,60.104,70.169,74.708,69.912,516.274,156.929,11/13/03 23:11:53,16669
269.633,69.113,67.399,2.5,512.78,2.921,-1.062,267.1,63.249,74.757,69.866,70.465,478.23,173.068,11/13/03 23:11:53,16669
269.65,69.113,67.399,2.5,512.78,2.921,-1.062,267.1,63.249,74.757,69.866,70.465,478.23,173.068,11/13/03 23:11:54,16670
269.65,70.853,74.889,2.5,599.378,1.562,-1.516,315.21,67.978,69.873,66.0,73.545,522.112,193.749,11/13/03 23:11:54,16670
269.683,68.099,70.035,2.5,519.731,1.184,-1.74,270.962,65.327,69.205,72.945,66.85,477.222,169.823,11/13/03 23:11:56,16672
269.7,66.432,65.432,2.5,512.066,1.088,-1.931,266.703,68.854,71.507,72.002,65.537,450.092,162.113,11/13/03 23:11:57,16673
269.717,66.432,65.432,2.5,512.066,1.088,-1.931,266.703,68.854,71.507,72.002,65.537,450.092,162.113,11/13/03 23:11:58,16674
269.717,71.384,66.445,2.5,548.395,1.95,-1.079,286.886,63.044,74.92,67.524,72.037,457.349,154.72,11/13/03 23:11:58,16674
269.75,70.912,73.732,2.5,561.626,1.729,-1.466,294.237,60.074,67.96,72.629,69.981,455.609,177.4,11/13/03 23:12:00,16676
269.767,71.467,74.36,2.5,597.235,2.777,-0.092,314.019,69.721,66.371,74.809,65.945,533.391,194.498,11/13/03 23:12:01,16677
269.783,65.936,69.104,2.5,526.451,2.541,-0.63,274.695,69.423,72.119,71.721,71.125,547.95,182.454,11/13/03 23:12:02,16678
269.8,65.936,69.104,2.5,526.451,2.541,-0.63,274.695,69.423,72.119,71.721,71.125,547.95,182.454,11/13/03 23:12:03,16679
269.8,73.204,72.668,2.5,574.82,1.445,-0.845,301.567,64.981,66.072,72.05,74.116,471.94,158.728,11/13/03 23:12:03,16679
269.817,73.204,72.668,2.5,574.82,1.445,-0.845,301.567,64.981,66.072,72.05,74.116,471.94,158.728,11/13/03 23:12:04,16680
269.85,70.913,67.907,2.5,524.158,2.987,-0.706,273.421,67.368,65.513,70.727,73.742,521.48,160.04,11/13/03 23:12:06,16682
269.867,74.068,69.379,2.5,568.792,1.108,-0.652,298.218,63.005,65.829,73.149,73.451,538.0,197.337,11/13/03 23:12:07,16683
269.883,74.068,69.379,2.5,568.792,1.108,-0.652,298.218,63.005,65.829,73.149,73.451,538.0,197.337,11/13/03 23:12:08,16684
269.9,73.943,68.879,2.5,530.216,1.42,-0.416,276.786,64.428,67.328,74.508,69.27,491.927,187.449,11/13/03 23:12:09,16685
269.9,71.652,68.207,2.5,555.321,2.51,-0.412,290.734,61.637,66.586,73.401,70.716,469.735,187.183,11/13/03 23:12:09,16685
269.917,71.652,68.207,2.5,555.321,2.51,-0.412,290.734,61.637,66.586,73.401,70.716,469.735,187.183,11/13/03 23:12:10,16686
272.667,68.81,66.634,2.5,550.26,2.403,-1.351,287.922,62.986,74.086,71.475,74.949,497.673,154.97,11/13/03 23:14:55,16851
272.683,68.81,66.634,2.5,550.26,2.403,-1.351,287.922,62.986,74.086,71.475,74.949,497.673,154.97,11/13/03 23:14:56,16852
272.7,69.641,66.44,2.5,506.835,1.976,-1.442,263.797,69.863,66.598,69.04,71.982,538.293,184.471,11/13/03 23:14:57,16853
272.717,69.641,66.44,2.5,506.835,1.976,-1.442,263.797,69.863,66.598,69.04,71.982,538.293,184.471,11/13/03 23:14:58,16854
272.717,70.361,72.309,2.5,557.284,1.038,-0.892,291.824,65.599,74.634,69.332,69.999,539.081,162.751,11/13/03 23:14:58,16854
272.75,70.188,66.707,2.5,580.281,2.503,-0.64,304.6,60.45,68.068,72.872,68.685,509.207,183.23,11/13/03 23:15:00,16856
272.767,73.91,67.647,2.5,511.767,1.073,-1.858,266.537,67.51,68.664,68.905,67.955,501.302,194.056,11/13/03 23:15:01,16857
272.783,68.162,65.764,2.5,538.692,1.656,-0.857,281.495,62.788,69.977,66.466,69.323,513.968,196.068,11/13/03 23:15:02,16858
272.8,68.162,65.764,2.5,538.692,1.656,-0.857,281.495,62.788,69.977,66.466,69.323,513.968,196.068,11/13/03 23:15:03,16859
272.85,72.255,68.878,2.5,542.9,1.365,-0.931,283.833,65.637,72.489,70.346,67.153,520.527,151.21,11/13/03 23:15:06,16862
272.85,73.717,73.2,2.5,506.091,2.327,-1.155,263.384,67.806,70.899,74.714,69.916,451.553,157.768,11/13/03 23:15:06,16862
272.867,73.717,73.2,2.5,506.091,2.327,-1.155,263.384,67.806,70.899,74.714,69.916,451.553,157.768,11/13/03 23:15:07,16863
272.867,71.408,74.222,2.5,529.965,1.146,-0.66,276.647,60.104,70.169,74.708,69.912,516.274,156.929,11/13/03 23:15:07,16863
272.883,71.408,74.222,2.5,529.965,1.146,-0.66,276.647,60.104,70.169,74.708,69.912,516.274,156.929,11/13/03 23:15:08,16864
272.9,69.113,67.399,2.5,512.78,2.921,-1.062,267.1,63.249,74.757,69.866,70.465,478.23,173.068,11/13/03 23:15:09,16865
272.9,70.853,74.889,2.5,599.378,1.562,-1.516,315.21,67.978,69.873,66.0,73.545,522.112,193.749,11/13/03 23:15:09,16865
272.917,70.853,74.889,2.5,599.378,1.562,-1.516,315.21,67.978,69.873,66.0,73.545,522.112,193.749,11/13/03 23:15:10,16866
272.933,68.099,70.035,2.5,519.731,1.184,-1.74,270.962,65.327,69.205,72.945,66.85,477.222,169.823,11/13/03 23:15:11,16867
272.95,66.432,65.432,2.5,512.066,1.088,-1.931,266.703,68.854,71.507,72.002,65.537,450.092,162.113,11/13/03 23:15:12,16868
272.967,66.432,65.432,2.5,512.066,1.088,-1.931,266.703,68.854,71.507,72.002,65.537,450.092,162.113,11/13/03 23:15:13,16869
272.967,71.384,66.445,2.5,548.395,1.95,-1.079,286.886,63.044,74.92,67.524,72.037,457.349,154.72,11/13/03 23:15:13,16869
273.0,70.912,73.732,2.5,561.626,1.729,-1.466,294.237,60.074,67.96,72.629,69.981,455.609,177.4,11/13/03 23:15:15,16871
273.017,71.467,74.36,2.5,597.235,2.777,-0.092,314.019,69.721,66.371,74.809,65.945,533.391,194.498,11/13/03 23:15:16,16872
273.033,65.936,69.104,2.5,526.451,2.541,-0.63,274.695,69.423,72.119,71.721,71.125,547.95,182.454,11/13/03 23:15:17,16873
273.05,65.936,69.104,2.5,526.451,2.541,-0.63,274.695,69.423,72.119,71.721,71.125,547.95,182.454,11/13/03 23:15:18,16874
273.05,73.204,72.668,2.5,574.82,1.445,-0.845,301.567,64.981,66.072,72.05,74.116,471.94,158.728,11/13/03 23:15:18,16874
273.083,70.913,67.907,2.5,524.158,2.987,-0.706,273.421,67.368,65.513,70.727,73.742,521.48,160.04,11/13/03 23:15:20,16876
273.117,74.068,69.379,2.5,568.792,1.108,-0.652,298.218,63.005,65.829,73.149,73.451,538.0,197.337,11/13/03 23:15:22,16878
273.133,74.068,69.379,2.5,568.792,1.108,-0.652,298.218,63.005,65.829,73.149,73.451,538.0,197.337,11/13/03 23:15:23,16879
273.133,73.943,68.879,2.5,530.216,1.42,-0.416,276.786,64.428,67.328,74.508,69.27,491.927,187.449,11/13/03 23:15:23,16879
273.15,73.943,68.879,2.5,530.216,1.42,-0.416,276.786,64.428,67.328,74.508,69.27,491.927,187.449,11/13/03 23:15:24,16880
273.15,71.652,68.207,2.5,555.321,2.51,-0.412,290.734,61.637,66.586,73.401,70.716,469.735,187.183,11/13/03 23:15:24,16880
275.083,68.81,66.634,2.5,550.26,2.403,-1.351,287.922,62.986,74.086,71.475,74.949,497.673,154.97,11/13/03 23:17:20,16996
275.1,68.81,66.634,2.5,550.26,2.403,-1.351,287.922,62.986,74.086,71.475,74.949,497.673,154.97,11/13/03 23:17:21,16997
275.117,69.641,66.44,2.5,506.835,1.976,-1.442,263.797,69.863,66.598,69.04,71.982,538.293,184.471,11/13/03 23:17:22,16998
275.133,69.641,66.44,2.5,506.835,1.976,-1.442,263.797,69.863,66.598,69.04,71.982,538.293,184.471,11/13/03 23:17:23,16999
275.133,70.361,72.309,2.5,557.284,1.038,-0.892,291.824,65.599,74.634,69.332,69.999,539.081,162.751,11/13/03 23:17:23,16999
275.15,70.361,72.309,2.5,557.284,1.038,-0.892,291.824,65.599,74.634,69.332,69.999,539.081,162.751,11/13/03 23:17:24,17000
275.167,70.188,66.707,2.5,580.281,2.503,-0.64,304.6,60.45,68.068,72.872,68.685,509.207,183.23,11/13/03 23:17:25,17001
275.183,73.91,67.647,2.5,511.767,1.073,-1.858,266.537,67.51,68.664,68.905,67.955,501.302,194.056,11/13/03 23:17:26,17002
275.2,68.162,65.764,2.5,538.692,1.656,-0.857,281.495,62.788,69.977,66.466,69.323,513.968,196.068,11/13/03 23:17:27,17003
275.217,68.162,65.764,2.5,538.692,1.656,-0.857,281.495,62.788,69.977,66.466,69.323,513.968,196.068,11/13/03 23:17:28,17004
275.25,72.255,68.878,2.5,542.9,1.365,-0.931,283.833,65.637,72.489,70.346,67.153,520.527,151.21,11/13/03 23:17:30,17006
275.267,73.717,73.2,2.5,506.091,2.327,-1.155,263.384,67.806,70.899,74.714,69.916,451.553,157.768,11/13/03 23:17:31,17007
275.283,71.408,74.222,2.5,529.965,1.146,-0.66,276.647,60.104,70.169,74.708,69.912,516.274,156.929,11/13/03 23:17:32,17008
275.3,71.408,74.222,2.5,529.965,1.146,-0.66,276.647,60.104,70.169,74.708,69.912,516.274,156.929,11/13/03 23:17:33,17009
275.3,69.113,67.399,2.5,512.78,2.921,-1.062,267.1,63.249,74.757,69.866,70.465,478.23,173.068,11/13/03 23:17:33,17009
275.317,69.113,67.399,2.5,512.78,2.921,-1.062,267.1,63.249,74.757,69.866,70.465,478.23,173.068,11/13/03 23:17:34,17010
275.317,70.853,74.889,2.5,599.378,1.562,-1.516,315.21,67.978,69.873,66.0,73.545,522.112,193.749,11/13/03 23:17:34,17010
275.35,68.099,70.035,2.5,519.731,1.184,-1.74,270.962,65.327,69.205,72.945,66.85,477.222,169.823,11/13/03 23:17:36,17012
275.367,66.432,65.432,2.5,512.066,1.088,-1.931,266.703,68.854,71.507,72.002,65.537,450.092,162.113,11/13/03 23:17:37,17013
275.383,66.432,65.432,2.5,512.066,1.088,-1.931,266.703,68.854,71.507,72.002,65.537,450.092,162.113,11/13/03 23:17:38,17014
275.383,71.384,66.445,2.5,548.395,1.95,-1.079,286.886,63.044,74.92,67.524,72.037,457.349,154.72,11/13/03 23:17:38,17014
275.4,71.384,66.445,2.5,548.395,1.95,-1.079,286.886,63.044,74.92,67.524,72.037,457.349,154.72,11/13/03 23:17:39,17015
275.417,70.912,73.732,2.5,561.626,1.729,-1.466,294.237,60.074,67.96,72.629,69.981,455.609,177.4,11/13/03 23:17:40,17016
275.433,71.467,74.36,2.5,597.235,2.777,-0.092,314.019,69.721,66.371,74.809,65.945,533.391,194.498,11/13/03 23:17:41,17017
275.45,65.936,69.104,2.5,526.451,2.541,-0.63,274.695,69.423,72.119,71.721,71.125,547.95,182.454,11/13/03 23:17:42,17018
275.467,65.936,69.104,2.5,526.451,2.541,-0.63,274.695,69.423,72.119,71.721,71.125,547.95,182.454,11/13/03 23:17:43,17019
275.467,73.204,72.668,2.5,574.82,1.445,-0.845,301.567,64.981,66.072,72.05,74.116,471.94,158.728,11/13/03 23:17:43,17019
275.483,73.204,72.668,2.5,574.82,1.445,-0.845,301.567,64.981,66.072,72.05,74.116,471.94,158.728,11/13/03 23:17:44,17020
275.5,70.913,67.907,2.5,524.158,2.987,-0.706,273.421,67.368,65.513,70.727,73.742,521.48,160.04,11/13/03 23:17:45,17021
275.533,74.068,69.379,2.5,568.792,1.108,-0.652,298.218,63.005,65.829,73.149,73.451,538.0,197.337,11/13/03 23:17:47,17023
275.55,74.068,69.379,2.5,568.792,1.108,-0.652,298.218,63.005,65.829,73.149,73.451,538.0,197.337,11/13/03 23:17:48,17024
275.55,73.943,68.879,2.5,530.216,1.42,-0.416,276.786,64.428,67.328,74.508,69.27,491.927,187.449,11/13/03 23:17:48,17024
275.567,71.652,68.207,2.5,555.321,2.51,-0.412,290.734,61.637,66.586,73.401,70.716,469.735,187.183,11/13/03 23:17:49,17025
279.75,68.81,66.634,2.5,550.26,2.403,-1.351,287.922,62.986,74.086,71.475,74.949,497.673,154.97,11/13/03 23:22:00,17276
279.783,69.641,66.44,2.5,506.835,1.976,-1.442,263.797,69.863,66.598,69.04,71.982,538.293,184.471,11/13/03 23:22:02,17278
279.8,69.641,66.44,2.5,506.835,1.976,-1.442,263.797,69.863,66.598,69.04,71.982,538.293,184.471,11/13/03 23:22:03,17279
279.8,70.361,72.309,2.5,557.284,1.038,-0.892,291.824,65.599,74.634,69.332,69.999,539.081,162.751,11/13/03 23:22:03,17279
279.817,70.361,72.309,2.5,557.284,1.038,-0.892,291.824,65.599,74.634,69.332,69.999,539.081,162.751,11/13/03 23:22:04,17280
279.85,70.188,66.707,2.5,580.281,2.503,-0.64,304.6,60.45,68.068,72.872,68.685,509.207,183.23,11/13/03 23:22:06,17282
279.85,73.91,67.647,2.5,511.767,1.073,-1.858,266.537,67.51,68.664,68.905,67.955,501.302,194.056,11/13/03 23:22:06,17282
279.867,73.91,67.647,2.5,511.767,1.073,-1.858,266.537,67.51,68.664,68.905,67.955,501.302,194.056,11/13/03 23:22:07,17283
279.867,68.162,65.764,2.5,538.692,1.656,-0.857,281.495,62.788,69.977,66.466,69.323,513.968,196.068,11/13/03 23:22:07,17283
279.883,68.162,65.764,2.5,538.692,1.656,-0.857,281.495,62.788,69.977,66.466,69.323,513.968,196.068,11/13/03 23:22:08,17284
279.917,72.255,68.878,2.5,542.9,1.365,-0.931,283.833,65.637,72.489,70.346,67.153,520.527,151.21,11/13/03 23:22:10,17286
279.933,73.717,73.2,2.5,506.091,2.327,-1.155,263.384,67.806,70.899,74.714,69.916,451.553,157.768,11/13/03 23:22:11,17287
279.95,71.408,74.222,2.5,529.965,1.146,-0.66,276.647,60.104,70.169,74.708,69.912,516.274,156.929,11/13/03 23:22:12,17288
279.967,71.408,74.222,2.5,529.965,1.146,-0.66,276.647,60.104,70.169,74.708,69.912,516.274,156.929,11/13/03 23:22:13,17289
279.967,69.113,67.399,2.5,512.78,2.921,-1.062,267.1,63.249,74.757,69.866,70.465,478.23,173.068,11/13/03 23:22:13,17289
279.983,69.113,67.399,2.5,512.78,2.921,-1.062,267.1,63.249,74.757,69.866,70.465,478.23,173.068,11/13/03 23:22:14,17290
279.983,70.853,74.889,2.5,599.378,1.562,-1.516,315.21,67.978,69.873,66.0,73.545,522.112,193.749,11/13/03 23:22:14,17290
280.017,68.099,70.035,2.5,519.731,1.184,-1.74,270.962,65.327,69.205,72.945,66.85,477.222,169.823,11/13/03 23:22:16,17292
280.033,66.432,65.432,2.5,512.066,1.088,-1.931,266.703,68.854,71.507,72.002,65.537,450.092,162.113,11/13/03 23:22:17,17293
280.05,66.432,65.432,2.5,512.066,1.088,-1.931,266.703,68.854,71.507,72.002,65.537,450.092,162.113,11/13/03 23:22:18,17294
280.05,71.384,66.445,2.5,548.395,1.95,-1.079,286.886,63.044,74.92,67.524,72.037,457.349,154.72,11/13/03 23:22:18,17294
280.083,70.912,73.732,2.5,561.626,1.729,-1.466,294.237,60.074,67.96,72.629,69.981,455.609,177.4,11/13/03 23:22:20,17296
280.1,71.467,74.36,2.5,597.235,2.777,-0.092,314.019,69.721,66.371,74.809,65.945,533.391,194.498,11/13/03 23:22:21,17297
280.117,65.936,69.104,2.5,526.451,2.541,-0.63,274.695,69.423,72.119,71.721,71.125,547.95,182.454,11/13/03 23:22:22,17298
280.133,65.936,69.104,2.5,526.451,2.541,-0.63,274.695,69.423,72.119,71.721,71.125,547.95,182.454,11/13/03 23:22:23,17299
280.133,73.204,72.668,2.5,574.82,1.445,-0.845,301.567,64.981,66.072,72.05,74.116,471.94,158.728,11/13/03 23:22:23,17299
280.15,73.204,72.668,2.5,574.82,1.445,-0.845,301.567,64.981,66.072,72.05,74.116,471.94,158.728,11/13/03 23:22:24,17300
280.167,70.913,67.907,2.5,524.158,2.987,-0.706,273.421,67.368,65.513,70.727,73.742,521.48,160.04,11/13/03 23:22:25,17301
280.2,74.068,69.379,2.5,568.792,1.108,-0.652,298.218,63.005,65.829,73.149,73.451,538.0,197.337,11/13/03 23:22:27,17303
280.217,74.068,69.379,2.5,568.792,1.108,-0.652,298.218,63.005,65.829,73.149,73.451,538.0,197.337,11/13/03 23:22:28,17304
280.217,73.943,68.879,2.5,530.216,1.42,-0.416,276.786,64.428,67.328,74.508,69.27,491.927,187.449,11/13/03 23:22:28,17304
280.233,71.652,68.207,2.5,555.321,2.51,-0.412,290.734,61.637,66.586,73.401,70.716,469.735,187.183,11/13/03 23:22:29,17305
287.467,71.652,68.207,0.0,0.0,0.0,0.0,-17.778,61.637,66.586,73.401,70.716,469.735,187.183,11/13/03 23:29:43,17739
314.983,96.889,89.791,2.606,62.255,98.756,27.059,16.808,43.738,10.362,76.68,93.432,20.623,168.509,11/13/03 23:57:14,19390
315.0,96.889,89.791,2.606,62.255,98.756,27.059,16.808,43.738,10.362,76.68,93.432,20.623,168.509,11/13/03 23:57:15,19391
318.0,0.0,0.0,0.0,0.0,0.0,0.0,-17.778,0.0,0.0,0.0,0.0,0.0,0.0,11/14/03 00:00:15,19571
318.017,0.0,0.0,0.0,0.0,0.0,0.0,-17.778,0.0,0.0,0.0,0.0,0.0,0.0,11/14/03 00:00:16,19572
318.55,68.81,66.634,2.5,550.26,2.403,-1.351,287.922,62.986,74.086,71.475,74.949,497.673,154.97,11/14/03 00:00:48,19604
318.567,69.641,66.44,2.5,506.835,1.976,-1.442,263.797,69.863,66.598,69.04,71.982,538.293,184.471,11/14/03 00:00:49,19605
318.583,70.361,72.309,2.5,557.284,1.038,-0.892,291.824,65.599,74.634,69.332,69.999,539.081,162.751,11/14/03 00:00:50,19606
318.617,70.188,66.707,2.5,580.281,2.503,-0.64,304.6,60.45,68.068,72.872,68.685,509.207,183.23,11/14/03 00:00:52,19608
318.633,73.91,67.647,2.5,511.767,1.073,-1.858,266.537,67.51,68.664,68.905,67.955,501.302,194.056,11/14/03 00:00:53,19609
318.65,68.162,65.764,2.5,538.692,1.656,-0.857,281.495,62.788,69.977,66.466,69.323,513.968,196.068,11/14/03 00:00:54,19610
318.7,72.255,68.878,2.5,542.9,1.365,-0.931,283.833,65.637,72.489,70.346,67.153,520.527,151.21,11/14/03 00:00:57,19613
318.717,73.717,73.2,2.5,506.091,2.327,-1.155,263.384,67.806,70.899,74.714,69.916,451.553,157.768,11/14/03 00:00:58,19614
318.733,71.408,74.222,2.5,529.965,1.146,-0.66,276.647,60.104,70.169,74.708,69.912,516.274,156.929,11/14/03 00:00:59,19615
318.75,69.113,67.399,2.5,512.78,2.921,-1.062,267.1,63.249,74.757,69.866,70.465,478.23,173.068,11/14/03 00:01:00,19616
318.767,70.853,74.889,2.5,599.378,1.562,-1.516,315.21,67.978,69.873,66.0,73.545,522.112,193.749,11/14/03 00:01:01,19617
318.783,70.853,74.889,2.5,599.378,1.562,-1.516,315.21,67.978,69.873,66.0,73.545,522.112,193.749,11/14/03 00:01:02,19618
318.8,68.099,70.035,2.5,519.731,1.184,-1.74,270.962,65.327,69.205,72.945,66.85,477.222,169.823,11/14/03 00:01:03,19619
318.817,66.432,65.432,2.5,512.066,1.088,-1.931,266.703,68.854,71.507,72.002,65.537,450.092,162.113,11/14/03 00:01:04,19620
318.85,71.384,66.445,2.5,548.395,1.95,-1.079,286.886,63.044,74.92,67.524,72.037,457.349,154.72,11/14/03 00:01:06,19622
318.867,70.912,73.732,2.5,561.626,1.729,-1.466,294.237,60.074,67.96,72.629,69.981,455.609,177.4,11/14/03 00:01:07,19623
318.933,65.936,69.104,2.5,597.235,2.541,-0.63,314.019,69.423,72.119,71.721,71.125,547.95,182.454,11/14/03 00:01:11,19627
318.95,65.936,69.104,2.5,597.235,2.541,-0.63,314.019,69.423,72.119,71.721,71.125,547.95,182.454,11/14/03 00:01:12,19628
318.95,73.204,72.668,2.5,574.82,1.445,-0.845,301.567,64.981,66.072,72.05,74.116,471.94,158.728,11/14/03 00:01:12,19628
318.967,70.913,67.907,2.5,524.158,2.987,-0.706,273.421,67.368,65.513,70.727,73.742,521.48,160.04,11/14/03 00:01:13,19629
318.983,70.913,67.907,2.5,524.158,2.987,-0.706,273.421,67.368,65.513,70.727,73.742,521.48,160.04,11/14/03 00:01:14,19630
319.0,74.068,69.379,2.5,568.792,1.108,-0.652,298.218,63.005,65.829,73.149,73.451,538.0,197.337,11/14/03 00:01:15,19631
319.017,73.943,68.879,2.5,530.216,1.42,-0.416,276.786,64.428,67.328,74.508,69.27,491.927,187.449,11/14/03 00:01:16,19632
319.033,73.943,68.879,2.5,530.216,1.42,-0.416,276.786,64.428,67.328,74.508,69.27,491.927,187.449,11/14/03 00:01:17,19633
319.033,71.652,68.207,2.5,555.321,2.51,-0.412,290.734,61.637,66.586,73.401,70.716,469.735,187.183,11/14/03 00:01:17,19633
338.35,87.12,96.915,2.285,65.794,70.154,13.186,290.734,93.582,88.272,48.2,2.379,14.626,123.881,11/14/03 00:20:36,20792
338.367,87.12,96.915,2.285,65.794,70.154,13.186,290.734,93.582,88.272,48.2,2.379,14.626,123.881,11/14/03 00:20:37,20793
339.117,75.692,76.309,2.885,45.373,27.407,18.654,290.734,37.759,30.306,65.713,37.654,57.491,146.497,11/14/03 00:21:22,20838
339.133,80.615,103.52,2.545,40.525,13.361,27.698,290.734,28.549,1.421,31.327,16.554,57.549,112.766,11/14/03 00:21:23,20839
339.15,80.615,103.52,2.545,40.525,13.361,27.698,290.734,28.549,1.421,31.327,16.554,57.549,112.766,11/14/03 00:21:24,20840
340.933,91.548,93.824,2.169,47.797,84.536,27.066,290.734,49.551,99.334,42.669,26.601,66.812,162.601,11/14/03 00:23:11,20947
340.95,91.548,93.824,2.169,47.797,84.536,27.066,290.734,49.551,99.334,42.669,26.601,66.812,162.601,11/14/03 00:23:12,20948
342.1,91.548,93.824,2.169,47.797,84.536,27.066,290.734,49.551,99.334,42.669,26.601,66.812,47.987,11/14/03 00:24:21,21017
343.783,91.548,93.824,0.0,0.0,0.0,0.0,-17.778,49.551,99.334,42.669,26.601,66.812,47.987,11/14/03 00:26:02,21118
346.467,91.548,93.824,0.0,0.0,98.09,0.0,-17.778,49.551,99.334,42.669,26.601,66.812,47.987,11/14/03 00:28:43,21279
349.833,91.548,93.824,0.0,0.0,40.883,0.0,-17.778,49.551,99.334,42.669,26.601,66.812,47.987,11/14/03 00:32:05,21481
349.85,91.548,93.824,0.0,0.0,23.951,0.0,-17.778,49.551,99.334,42.669,26.601,66.812,47.987,11/14/03 00:32:06,21482
351.15,91.548,93.824,0.0,0.0,95.305,0.0,-17.778,49.551,99.334,42.669,26.601,66.812,47.987,11/14/03 00:33:24,21560
351.883,91.548,93.824,0.0,0.0,90.193,0.0,-17.778,49.551,99.334,42.669,26.601,66.812,47.987,11/14/03 00:34:08,21604
352.367,91.548,93.824,0.0,0.0,89.39,0.0,-17.778,49.551,99.334,42.669,26.601,66.812,47.987,11/14/03 00:34:37,21633
353.1,91.548,93.824,0.0,0.0,48.899,0.0,-17.778,49.551,99.334,42.669,26.601,66.812,47.987,11/14/03 00:35:21,21677
355.867,91.548,93.824,0.0,0.0,53.782,0.0,-17.778,49.551,99.334,42.669,26.601,66.812,47.987,11/14/03 00:38:07,21843
356.317,91.548,93.824,0.0,0.0,11.166,0.0,-17.778,49.551,99.334,42.669,26.601,66.812,47.987,11/14/03 00:38:34,21870
356.983,91.548,93.824,0.0,0.0,49.725,0.0,-17.778,49.551,99.334,42.669,26.601,66.812,47.987,11/14/03 00:39:14,21910
358.083,91.548,93.824,0.0,0.0,69.289,0.0,-17.778,49.551,99.334,42.669,26.601,66.812,47.987,11/14/03 00:40:20,21976
358.883,91.548,93.824,0.0,0.0,53.825,0.0,-17.778,49.551,99.334,42.669,26.601,66.812,47.987,11/14/03 00:41:08,22024
359.55,91.548,93.824,0.0,0.0,88.712,0.0,-17.778,49.551,99.334,42.669,26.601,66.812,47.987,11/14/03 00:41:48,22064
359.85,91.548,93.824,0.0,0.0,77.474,0.0,-17.778,49.551,99.334,42.669,26.601,66.812,47.987,11/14/03 00:42:06,22082
360.45,91.548,93.824,0.0,0.0,31.061,0.0,-17.778,49.551,99.334,42.669,26.601,66.812,47.987,11/14/03 00:42:42,22118
840.267,80.35,99.652,2.534,53.649, ,26.318,-17.778,84.137,25.698,13.778,37.894,19.591,96.594,11/14/03 08:42:31,50907
