Time,10f010.pv,10T0003.PV,10A100C3.PV
Time,DeC2FeedFlow.m,DeC2FeedTemp.m,% C3 IN C2 COMP
MM/dd/yy H:mm:ss,None,None,None
08/01/97 0:00:00,8.429578781,201.1082611,0.677510917
08/01/97 0:05:00,8.423321724,200.6573639,0.698873878
08/01/97 0:10:00,8.422515869,200.6573639,0.698873878
08/01/97 0:15:00,8.424077034,200.6573792,0.735496104
08/01/97 0:20:00,8.410603523,200.6573639,0.723288715
08/01/97 0:25:00,8.42538166,200.6573792,0.723288655
08/01/97 0:30:00,8.437963486,200.6818695,0.723288655
08/01/97 0:35:00,8.421014786,200.399353,0.728049576
08/01/97 0:40:00,8.415371895,200.15242,0.757713556
08/01/97 0:45:00,8.433131218,200.3501892,0.778221965
08/01/97 0:50:00,8.421658516,200.7303925,0.778221965
08/01/97 0:55:00,8.42097187,200.6289825,0.770668626
08/01/97 1:00:00,8.423977852,200.5275574,0.748139441
08/01/97 1:05:00,8.411664009,200.3353119,0.766014636
08/01/97 1:10:00,8.424255371,200.4294739,0.766014576
08/01/97 1:15:00,8.429779053,200.5236359,0.811792374
08/01/97 1:20:00,8.430341721,200.6178131,0.765327871
08/01/97 1:25:00,8.429639816,200.8632355,0.74595958
08/01/97 1:30:00,8.427734375,200.7111206,0.744651616
08/01/97 1:35:00,8.420887947,200.559021,0.773644269
08/01/97 1:40:00,8.412373543,200.4096375,0.801339805
08/01/97 1:45:00,8.424621582,200.437088,0.796533167
08/01/97 1:50:00,8.417057991,200.4645691,0.783804655
08/01/97 1:55:00,8.431702614,200.4920349,0.769066453
08/01/97 2:00:00,8.414922714,200.5194702,0.769066453
08/01/97 2:05:00,8.386943817,200.4530182,0.793481231
08/01/97 2:10:00,8.172430038,200.7254944,0.793481231
08/01/97 2:15:00,8.120914459,200.6156311,0.793481231
08/01/97 2:20:00,8.111330986,200.1695709,0.793481231
08/01/97 2:25:00,8.009109497,200.255249,0.817819774
08/01/97 2:30:00,7.990575314,200.7628479,0.82705158
08/01/97 2:35:00,7.896450996,200.7892151,0.764717519
08/01/97 2:40:00,7.799127102,200.3146057,0.695822001
08/01/97 2:45:00,7.702383518,200.3426056,0.695822001
08/01/97 2:50:00,7.710636616,201.052887,0.55543685
08/01/97 2:55:00,7.691641808,200.3475494,0.55543685
08/01/97 3:00:00,7.5025177,200.457428,NaN
08/01/97 3:05:00,7.492892265,200.8782043,NaN
08/01/97 3:10:00,7.487747192,201.4187317,NaN
08/01/97 3:15:00,7.475253105,200.6705627,NaN
08/01/97 3:20:00,7.492858887,200.2392426,0.299081385
08/01/97 3:25:00,7.485958576,200.8683167,0.299081385
08/01/97 3:30:00,7.475097179,200.921051,0.216681421
08/01/97 3:35:00,7.483504772,201.3231659,0.19525744
08/01/97 3:40:00,7.315950871,200.5387268,0.204909995
08/01/97 3:45:00,7.284554482,200.7839355,0.216681421
08/01/97 3:50:00,7.311616898,200.9126587,0.210882917
08/01/97 3:55:00,7.305337906,200.7328796,0.201422185
08/01/97 4:00:00,7.307008743,200.6006775,0.20142217
08/01/97 4:05:00,7.296517849,200.7984314,0.204474017
08/01/97 4:10:00,7.306268692,201.0313263,0.204474017
08/01/97 4:15:00,7.289974689,200.9114532,0.167851791
08/01/97 4:20:00,7.310396194,200.7915955,0.191519231
08/01/97 4:25:00,7.290757656,200.3014221,0.187906817
08/01/97 4:30:00,7.19769907,201.4220428,0.180059209
08/01/97 4:35:00,7.151768684,201.3272858,0.181508839
08/01/97 4:40:00,7.156254768,201.2036743,0.19180885
08/01/97 4:45:00,7.133060932,201.0800781,0.20142217
08/01/97 4:50:00,7.135868549,200.7414246,0.177007377
08/01/97 4:55:00,7.14631176,200.6590271,0.177007362
08/01/97 5:00:00,7.134739399,200.5766296,0.171028227
08/01/97 5:05:00,7.162962914,200.4942322,0.161976993
08/01/97 5:10:00,7.189665318,200.4118347,0.161748111
08/01/97 5:15:00,7.199660301,200.6105042,0.170903653
08/01/97 5:20:00,7.197412014,200.7569885,0.166170165
08/01/97 5:25:00,7.235939026,201.1803131,0.164799958
08/01/97 5:30:00,7.24845171,200.9526978,0.164799958
08/01/97 5:35:00,7.238380432,200.4260712,0.164799958
08/01/97 5:40:00,7.25178957,200.6058502,0.163151965
08/01/97 5:45:00,7.432523727,200.7855988,0.155644402
08/01/97 5:50:00,7.454321861,201.0067444,0.155644402
08/01/97 5:55:00,7.458174706,201.1166077,0.155644402
08/01/97 6:00:00,7.458785057,201.7460022,0.179570913
08/01/97 6:05:00,7.454805374,201.9343414,0.165181443
08/01/97 6:10:00,7.461531639,201.6405182,0.164799958
08/01/97 6:15:00,7.472518921,201.452179,0.204474017
08/01/97 6:20:00,7.461287498,201.1641693,0.189596251
08/01/97 6:25:00,7.467171192,201.1377869,0.189214766
08/01/97 6:30:00,7.464485645,201.1114349,0.183111057
08/01/97 6:35:00,7.47320509,201.0850677,0.185477793
08/01/97 6:40:00,7.462172985,201.0586853,0.192800686
08/01/97 6:45:00,7.464241505,201.1847229,0.19531846
08/01/97 6:50:00,7.464644432,201.1847229,0.184881136
08/01/97 6:55:00,7.459425926,201.1847229,0.167851821
08/01/97 7:00:00,7.470198631,201.1847229,0.167851791
08/01/97 7:05:00,7.462325096,201.1847229,0.183111042
08/01/97 7:10:00,7.482284069,201.2209778,0.183111042
08/01/97 7:15:00,7.727751732,201.0561829,0.180120245
08/01/97 7:20:00,7.753135681,200.6837463,0.180059209
08/01/97 7:25:00,7.76649189,201.0449677,0.180059209
08/01/97 7:30:00,7.85305357,201.6549683,0.192266613
08/01/97 7:35:00,7.823938847,201.5817108,0.192266613
08/01/97 7:40:00,7.836512089,200.6897278,0.224127933
08/01/97 7:45:00,7.832788944,200.8695068,0.247199938
08/01/97 7:50:00,7.878200054,201.0492859,0.247199938
08/01/97 7:55:00,7.886532307,200.7892151,0.243766591
08/01/97 8:00:00,7.927280903,200.7892151,0.238418058
08/01/97 8:05:00,7.881054401,200.7730408,0.27161473
08/01/97 8:10:00,7.97009182,200.6831512,0.27161473
08/01/97 8:15:00,7.966930389,200.5932465,0.228888825
08/01/97 8:20:00,7.977828503,200.5033569,0.241096228
08/01/97 8:25:00,7.855464458,200.4134674,0.241096228
08/01/97 8:30:00,7.851008415,200.2849274,0.279976845
08/01/97 8:35:00,7.849726677,200.7892151,0.278389841
08/01/97 8:40:00,7.847041607,200.7892151,0.258290797
08/01/97 8:45:00,7.703382969,200.1959381,0.25025177
08/01/97 8:50:00,7.696638584,199.8716125,0.261848837
08/01/97 8:55:00,7.720519066,199.9850006,0.280770302
08/01/97 9:00:00,7.707644939,199.9174347,0.282967627
08/01/97 9:05:00,7.719687462,200.4916229,0.292977691
08/01/97 9:10:00,7.711440086,200.303299,0.292977691
08/01/97 9:15:00,7.715158463,200.0527954,0.228888825
08/01/97 9:20:00,7.697256565,200.1469727,0.213934764
08/01/97 9:25:00,7.7209692,200.2411346,0.206529349
08/01/97 9:30:00,7.701132774,200.3616791,0.204474017
08/01/97 9:35:00,7.703695774,200.0113678,0.204474017
08/01/97 9:40:00,7.704336643,200.1156311,0.222174764
08/01/97 9:45:00,7.716361046,200.2354889,0.234992519
08/01/97 9:50:00,7.71202755,200.6573639,0.221945852
08/01/97 9:55:00,7.711838245,199.9831085,0.215643793
08/01/97 10:00:00,7.708350182,199.6026459,0.228888825
08/01/97 10:05:00,7.704947472,200.2585602,0.228888825
08/01/97 10:10:00,7.711569786,200.5288239,0.228888825
08/01/97 10:15:00,7.796527386,200.1563873,0.201422185
08/01/97 10:20:00,7.809022903,199.6742249,0.201422185
08/01/97 10:25:00,7.834093571,199.8625793,0.234611049
08/01/97 10:30:00,7.945646763,200.82547,0.247199938
08/01/97 10:35:00,7.97399807,200.6606598,0.232625797
08/01/97 10:40:00,7.98492384,200.112442,0.228125855
08/01/97 10:45:00,7.995116711,200.2589264,0.299081385
08/01/97 10:50:00,8.065401077,200.4741211,0.299081385
08/01/97 10:55:00,8.081240654,200.4081879,0.299081385
08/01/97 11:00:00,8.188299179,200.3422852,0.253303617
08/01/97 11:05:00,8.228448868,200.2763519,0.366954535
08/01/97 11:10:00,8.25377655,200.6507721,0.36927399
08/01/97 11:15:00,8.260560989,201.0397034,0.357066572
08/01/97 11:20:00,8.347197533,200.7298889,0.390255451
08/01/97 11:25:00,8.341959953,200.6105042,0.473647296
08/01/97 11:30:00,8.351481438,200.7569885,0.524918377
08/01/97 11:35:00,8.336131096,201.1293488,0.524918377
08/01/97 11:40:00,8.455275536,201.3923798,0.524918437
08/01/97 11:45:00,8.46303463,200.9711609,0.614605427
08/01/97 11:50:00,8.468459129,201.1029968,0.735496104
08/01/97 11:55:00,8.494094849,201.2348328,0.808252215
08/01/97 12:00:00,8.503769875,201.4335785,0.82705158
08/01/97 12:05:00,8.517649651,201.3511658,0.846479297
08/01/97 12:10:00,8.531540871,201.2687836,0.854518294
08/01/97 12:15:00,8.483077049,201.1863556,0.854518294
08/01/97 12:20:00,8.492538452,200.921051,0.936918259
08/01/97 12:25:00,8.502090454,200.921051,1.093294978
08/01/97 12:30:00,8.474043846,200.921051,1.138340354
08/01/97 12:35:00,8.484877586,200.921051,1.162755251
08/01/97 12:40:00,8.495956421,200.921051,1.162755251
08/01/97 12:45:00,8.482893944,200.8577728,1.162755251
08/01/97 12:50:00,8.453627586,200.9456635,1.285825729
08/01/97 12:55:00,8.454854012,201.0335541,1.275429606
08/01/97 13:00:00,8.454367638,201.51651,1.242103338
08/01/97 13:05:00,8.437543869,201.406662,1.278725505
08/01/97 13:10:00,8.436384201,200.7232971,1.2883389
08/01/97 13:15:00,8.414459229,201.1451721,1.321451426
08/01/97 13:20:00,8.420704842,201.4000702,1.315347791
08/01/97 13:25:00,8.40989399,201.7120667,1.297769189
08/01/97 13:30:00,8.408078194,201.7120667,1.217688441
08/01/97 13:35:00,8.393834114,201.2016754,1.217688441
08/01/97 13:40:00,8.366893768,201.2958527,1.21768856
08/01/97 13:45:00,8.34779644,201.3900299,1.24460578
08/01/97 13:50:00,8.362171173,201.4841919,1.197546244
08/01/97 13:55:00,8.353458405,201.5783539,1.184118152
08/01/97 14:00:00,8.36432457,201.6263885,1.184118152
08/01/97 14:05:00,8.405377388,201.5165405,1.134830713
08/01/97 14:10:00,8.386974335,201.2016754,1.081514955
08/01/97 14:15:00,8.421728134,201.2958527,1.083407044
08/01/97 14:20:00,8.518211365,201.3900299,1.046784878
08/01/97 14:25:00,8.492520332,201.7219543,1.035823226
08/01/97 14:30:00,8.512955666,201.7769165,0.979644179
08/01/97 14:35:00,8.506241798,201.8318634,1.000571132
08/01/97 14:40:00,8.509652138,201.8867798,1.060518265
08/01/97 14:45:00,8.506340981,201.9417114,1.07730341
08/01/97 14:50:00,8.51535511,202.0878296,1.057832599
08/01/97 14:55:00,8.556279182,201.9779663,1.043733001
08/01/97 15:00:00,8.605707169,201.5185089,1.043733001
08/01/97 15:05:00,8.616291046,201.608429,1.043733001
08/01/97 15:10:00,8.617242813,201.6983185,1.09012115
08/01/97 15:15:00,8.645833015,201.7881927,1.141392231
08/01/97 15:20:00,8.664480209,201.9666443,1.13211453
08/01/97 15:25:00,8.667196274,201.9159393,1.130024195
08/01/97 15:30:00,8.743652344,201.8652496,1.17496264
08/01/97 15:35:00,8.764565468,201.4291534,1.281777382
08/01/97 15:40:00,8.781060219,201.3784485,1.281777501
08/01/97 15:45:00,8.763054848,201.3277283,1.297036648
08/01/97 15:50:00,8.755288124,201.9910583,1.323953986
08/01/97 15:55:00,8.75672245,202.0174408,1.324503303
08/01/97 16:00:00,8.754906654,202.0437927,1.330607057
08/01/97 16:05:00,8.757036209,202.0701599,1.503189206
08/01/97 16:10:00,8.754070282,202.0965271,1.507614374
08/01/97 16:15:00,8.756134033,201.8908997,1.486251354
08/01/97 16:20:00,8.753960609,202.0144958,1.486251354
08/01/97 16:25:00,8.751449585,202.138092,1.505722165
08/01/97 16:30:00,8.767174721,202.3581085,1.519821763
08/01/97 16:35:00,8.764910698,202.1559448,1.541856289
08/01/97 16:40:00,8.767663002,201.8571167,1.579867005
08/01/97 16:45:00,8.754631996,202.0285187,1.586962461
08/01/97 16:50:00,8.771233559,202.3495178,1.586962461
08/01/97 16:55:00,8.755150795,202.2921906,1.586962461
08/01/97 17:00:00,8.760850906,202.2348785,1.553392291
08/01/97 17:05:00,8.753808022,202.177536,1.577308774
08/01/97 17:10:00,8.747384071,202.120224,1.577807069
08/01/97 17:15:00,8.756408691,202.1171112,1.577807069
08/01/97 17:20:00,8.758104324,202.1698303,1.573046207
08/01/97 17:25:00,8.748352051,202.22258,1.566471696
08/01/97 17:30:00,8.740439415,202.2753143,1.562547684
08/01/97 17:35:00,8.71694088,202.3280487,1.562547803
08/01/97 17:40:00,8.618405342,202.0153198,1.559800982
08/01/97 17:45:00,8.624279976,202.0834351,1.547288418
08/01/97 17:50:00,8.618350983,202.1932983,1.553392172
08/01/97 17:55:00,8.60806942,202.0021362,1.553392172
08/01/97 18:00:00,8.613934517,201.975769,1.498458862
08/01/97 18:05:00,8.612934113,201.8043823,1.431318045
08/01/97 18:10:00,8.615680695,202.0944366,1.431318164
08/01/97 18:15:00,8.478658676,202.2465515,1.345866323
08/01/97 18:20:00,8.469237328,202.6085968,1.31070888
08/01/97 18:25:00,8.468971252,202.4196167,1.309244037
08/01/97 18:30:00,8.452986717,201.8834839,1.251258969
08/01/97 18:35:00,8.431409836,201.785202,1.237983465
08/01/97 18:40:00,8.423571587,201.7252655,1.173207879
08/01/97 18:45:00,8.446125031,201.868988,1.150547862
08/01/97 18:50:00,8.402089119,201.934906,1.150547862
08/01/97 18:55:00,8.40598774,202.3614197,1.014701366
08/01/97 19:00:00,8.378902435,202.3064728,0.961333096
08/01/97 19:05:00,8.382482529,202.2515411,0.961333036
08/01/97 19:10:00,8.373649597,202.1965942,0.934659839
08/01/97 19:15:00,8.360973358,202.1416626,0.881673515
08/01/97 19:20:00,8.36423111,202.3185577,0.833155334
08/01/97 19:25:00,8.364894867,202.3981934,0.833155334
08/01/97 19:30:00,8.331171989,202.4256744,0.78231144
08/01/97 19:35:00,8.348910332,202.4531403,0.759973168
08/01/97 19:40:00,8.323886871,202.4806061,0.736106455
08/01/97 19:45:00,8.308389664,202.6217804,0.72939235
08/01/97 19:50:00,8.291268349,202.0548706,0.714896083
08/01/97 19:55:00,8.300857544,202.5666504,0.679158926
08/01/97 20:00:00,8.286553383,202.3868561,0.646992385
08/01/97 20:05:00,8.283493996,202.1207886,0.646992385
08/01/97 20:10:00,8.279442787,202.1075897,0.646992385
08/01/97 20:15:00,8.283616066,202.1075897,0.620086312
08/01/97 20:20:00,8.352954865,202.1076202,0.574297309
08/01/97 20:25:00,8.343806267,202.1076202,0.543839812
08/01/97 20:30:00,8.350826263,202.107605,0.537125826
08/01/97 20:35:00,8.384915352,202.1998901,0.537125766
08/01/97 20:40:00,8.403851509,202.2940674,0.525528729
08/01/97 20:45:00,8.403668404,202.6085968,0.512710989
08/01/97 20:50:00,8.419445992,202.6091309,0.512710989
08/01/97 20:55:00,8.411725044,202.5827637,0.513707459
08/01/97 21:00:00,8.425396919,202.5563965,0.518814683
08/01/97 21:05:00,8.417187691,202.530014,0.546281397
08/01/97 21:10:00,8.4341259,202.5036621,0.546281338
08/01/97 21:15:00,8.452528954,202.3713074,0.567644298
08/01/97 21:20:00,8.455336571,202.3713074,0.591982841
08/01/97 21:25:00,8.476668358,202.3713074,0.601214647
08/01/97 21:30:00,8.453108788,202.3712921,0.601214647
08/01/97 21:35:00,8.458022118,202.3712921,0.598315418
08/01/97 21:40:00,8.470259666,202.5866394,0.607839465
08/01/97 21:45:00,8.458724022,202.9262238,0.622577608
08/01/97 21:50:00,8.481833458,202.7464447,0.622577608
08/01/97 21:55:00,8.461913109,202.4635925,0.628757596
08/01/97 22:00:00,8.474702835,201.8161011,0.650044262
08/01/97 22:05:00,8.454964638,201.7428589,0.708029449
08/01/97 22:10:00,8.468962669,202.3211823,0.708029449
08/01/97 22:15:00,8.462813377,202.1893616,0.671407163
08/01/97 22:20:00,8.460165977,202.0575104,0.698324561
08/01/97 22:25:00,8.455016136,201.7205658,0.732008219
08/01/97 22:30:00,8.429792404,201.7676544,0.741599798
08/01/97 22:35:00,8.318156242,201.8147583,0.739441156
08/01/97 22:40:00,8.314134598,202.207077,0.736335397
08/01/97 22:45:00,8.306718826,202.027298,0.735496104
08/01/97 22:50:00,8.160728455,201.8475342,0.747703493
08/01/97 22:55:00,8.112307549,201.6818542,0.771355391
08/01/97 23:00:00,8.096590996,201.6430664,0.787377536
08/01/97 23:05:00,8.092061996,201.6042938,0.7449494
08/01/97 23:10:00,8.111933708,201.1451569,0.650502026
08/01/97 23:15:00,8.092330933,200.9254608,0.595110953
08/01/97 23:20:00,8.09540081,200.7859192,0.546281397
08/01/97 23:25:00,8.086619377,200.9507141,0.526350915
08/01/97 23:30:00,8.101358414,201.4582825,0.42420727
08/01/97 23:35:00,8.082575798,201.5132446,0.350962847
08/01/97 23:40:00,8.085739136,201.568161,0.350962847
08/01/97 23:45:00,8.088465691,200.9483643,0.309091479
08/01/97 23:50:00,8.088961601,200.9954376,0.308236957
08/01/97 23:55:00,8.087252617,201.0425415,0.314874738
08/02/97 0:00:00,8.086221695,201.4034271,0.317392528
08/02/97 0:05:00,8.105563164,201.3258667,0.284051031
08/02/97 0:10:00,8.092715263,201.2483215,0.251594603
08/02/97 0:15:00,8.085299492,200.8287659,0.258857995
08/02/97 0:20:00,8.095174789,200.9184113,0.256355494
08/02/97 0:25:00,8.089579582,201.0502472,0.256355494
08/02/97 0:30:00,8.076777458,201.5736542,0.256355494
08/02/97 0:35:00,8.083834648,202.2328491,0.247383043
08/02/97 0:40:00,8.089594841,201.3627167,0.247199938
08/02/97 0:45:00,8.083096504,200.9595947,0.225836977
08/02/97 0:50:00,8.092425346,201.0610046,0.247260943
08/02/97 0:55:00,8.079234123,201.1624146,0.240028083
08/02/97 1:00:00,8.074807167,201.4088593,0.234992519
08/02/97 1:05:00,8.089254379,201.580246,0.231504694
08/02/97 1:10:00,8.084445,201.0660706,0.228888825
08/02/97 1:15:00,8.116031647,201.139328,0.228888825
08/02/97 1:20:00,8.09165287,201.2125702,0.241935492
08/02/97 1:25:00,8.098379135,201.2858276,0.246265694
08/02/97 1:30:00,8.088564873,201.7437439,0.228888825
08/02/97 1:35:00,8.091939926,201.1960297,0.241096243
08/02/97 1:40:00,8.078304291,201.2588043,0.241096228
08/02/97 1:45:00,8.092074394,201.3216095,0.262459189
08/02/97 1:50:00,8.087637901,201.3843689,0.241096228
08/02/97 1:55:00,8.073793411,201.4471588,0.241096228
08/02/97 2:00:00,8.085915565,201.5978241,0.232123792
08/02/97 2:05:00,8.033571243,201.4513397,0.285500675
08/02/97 2:10:00,7.95143795,201.0378418,0.286873996
08/02/97 2:15:00,7.953856468,201.2374573,0.286873996
08/02/97 2:20:00,7.941702366,201.1847229,0.273598462
08/02/97 2:25:00,7.937595844,201.1847229,0.261925131
08/02/97 2:30:00,7.942564487,200.7074585,0.259407341
08/02/97 2:35:00,7.938589573,200.8393097,0.261619925
08/02/97 2:40:00,7.948477268,201.5077515,0.236555696
08/02/97 2:45:00,7.938803196,201.837326,0.225836977
08/02/97 2:50:00,7.945017815,201.3429413,0.194860682
08/02/97 2:55:00,7.939054966,200.7741394,0.18834281
08/02/97 3:00:00,7.79171133,200.631012,0.192266628
08/02/97 3:05:00,7.651234627,201.6593475,0.189367354
08/02/97 3:10:00,7.630213261,202.4196472,0.186162904
08/02/97 3:15:00,7.63985157,201.3561249,0.186162904
08/02/97 3:20:00,7.245246887,200.8626709,0.152592555
08/02/97 3:25:00,7.187926292,201.8043823,0.152592555
08/02/97 3:30:00,7.169011593,201.7219696,0.192266613
08/02/97 3:35:00,7.143177986,200.6771545,0.192266613
08/02/97 3:40:00,7.058488846,200.5189514,0.192266613
08/02/97 3:45:00,7.051301479,201.5406952,0.240119651
08/02/97 3:50:00,7.045117855,201.0792542,0.241096243
08/02/97 3:55:00,6.99911499,200.5613098,0.198248222
08/02/97 4:00:00,6.974974632,200.6554871,0.186162904
08/02/97 4:05:00,6.977446556,201.7780151,0.186162904
08/02/97 4:10:00,6.989068031,201.19133,0.144123659
08/02/97 4:15:00,7.061083317,200.8309631,0.128177747
08/02/97 4:20:00,7.071223736,201.2770233,0.154336467
08/02/97 4:25:00,7.062669754,201.3883514,0.17250587
08/02/97 4:30:00,7.113871098,201.8043823,0.170903653
08/02/97 4:35:00,7.139569283,201.6593628,0.164799958
08/02/97 4:40:00,7.13313961,201.166275,0.164799958
08/02/97 4:45:00,7.140171528,200.7463531,0.180059209
08/02/97 4:50:00,7.242609978,201.2440643,0.20142217
08/02/97 4:55:00,7.245414734,201.7846069,0.20142217
08/02/97 5:00:00,7.258720875,200.9342194,0.158696249
08/02/97 5:05:00,7.278344631,200.6863861,0.188342795
08/02/97 5:10:00,7.366900921,201.9494019,0.1946318
08/02/97 5:15:00,7.355525017,201.0726776,0.177007362
08/02/97 5:20:00,7.361430645,200.6573792,0.1886044
08/02/97 5:25:00,7.354685783,200.7628479,0.201422185
08/02/97 5:30:00,7.358269215,201.5538788,0.20142217
08/02/97 5:35:00,7.353755474,201.0100403,0.192266613
08/02/97 5:40:00,7.329611778,200.9551239,0.195562616
08/02/97 5:45:00,7.290145874,200.900177,0.210577711
08/02/97 5:50:00,7.284157753,200.8452454,0.177007362
08/02/97 5:55:00,7.290780067,200.7903137,0.177007377
08/02/97 6:00:00,7.281746864,199.9190826,0.189214766
08/02/97 6:05:00,7.293038368,200.0601501,0.189214766
08/02/97 6:10:00,7.286141872,200.2578888,0.179937139
08/02/97 6:15:00,7.274048328,200.596405,0.164799958
08/02/97 6:20:00,7.253768921,200.2750549,0.164799958
08/02/97 6:25:00,7.267151356,200.5041199,0.164799958
08/02/97 6:30:00,7.257400036,200.8854523,0.200689718
08/02/97 6:35:00,7.227521896,200.6876984,0.165715516
08/02/97 6:40:00,7.18051672,200.4068909,0.19098483
08/02/97 6:45:00,7.188993454,200.0097198,0.198370308
08/02/97 6:50:00,7.18463707,200.256897,0.198370308
08/02/97 6:55:00,7.158399105,200.5835419,0.191122159
08/02/97 7:00:00,7.149991512,200.2254486,0.183111057
08/02/97 7:05:00,7.150975704,200.1626587,0.192388684
08/02/97 7:10:00,7.168111324,200.0998688,0.204038039
08/02/97 7:15:00,7.218623161,200.0370941,0.186162904
08/02/97 7:20:00,7.213629246,199.6158295,0.213629574
08/02/97 7:25:00,7.199316502,199.6890869,0.213629574
08/02/97 7:30:00,7.23595047,200.2618713,0.210577711
08/02/97 7:35:00,7.264351368,200.770752,0.165715516
08/02/97 7:40:00,7.267044544,200.3047028,0.164799958
08/02/97 7:45:00,7.296200275,200.209137,0.164799973
08/02/97 7:50:00,7.342821598,200.2618561,0.189443648
08/02/97 7:55:00,7.342363834,200.6489868,0.207983658
08/02/97 8:00:00,7.347307205,200.4691925,0.198370308
08/02/97 8:05:00,7.350077629,200.2896881,0.216681421
08/02/97 8:10:00,7.545677185,200.3629303,0.216681436
08/02/97 8:15:00,7.558153152,200.5387115,0.180791646
08/02/97 8:20:00,7.564332962,200.1089172,0.180059209
08/02/97 8:25:00,7.560426712,199.7529602,0.208460107
08/02/97 8:30:00,7.556175232,200.3767242,0.216681436
08/02/97 8:35:00,7.574755192,200.2825775,0.216681421
08/02/97 8:40:00,7.555742264,200.1884003,0.222479954
08/02/97 8:45:00,7.559617996,199.8900604,0.228888825
08/02/97 8:50:00,7.5656147,200.3541565,0.256355494
08/02/97 8:55:00,7.572908401,200.7681274,0.256355494
08/02/97 9:00:00,7.552751541,200.2684479,0.256355494
08/02/97 9:05:00,7.559892654,199.696579,0.207525879
08/02/97 9:10:00,7.566697598,199.9437866,0.207525864
08/02/97 9:15:00,7.574419022,201.1253967,0.22278513
08/02/97 9:20:00,7.740707397,200.7958069,0.213858455
08/02/97 9:25:00,7.768583775,199.4905853,0.213629559
08/02/97 9:30:00,7.773705482,199.6004486,0.299081385
08/02/97 9:35:00,7.782233238,200.7180328,0.299081415
08/02/97 9:40:00,7.766015053,200.2750549,0.262840658
08/02/97 9:45:00,7.785461426,199.9388428,0.222785115
08/02/97 9:50:00,7.774659157,199.8109589,0.32654807
08/02/97 9:55:00,7.813666344,200.2425842,0.32654804
08/02/97 10:00:00,7.832407475,200.191864,0.32654804
08/02/97 10:05:00,7.824317455,200.1411591,0.280770302
08/02/97 10:10:00,7.873988628,199.6798706,0.280770302
08/02/97 10:15:00,7.913281918,199.2466888,0.280770302
08/02/97 10:20:00,7.942949295,200.2486877,0.280770302
08/02/97 10:25:00,7.947371006,200.2618561,0.280770302
08/02/97 10:30:00,7.969871044,200.2618561,0.280770302
08/02/97 10:35:00,8.037279129,199.4444427,0.260856956
08/02/97 10:40:00,8.044966698,199.9273071,0.286935031
08/02/97 10:45:00,8.052919388,200.2486877,0.311288834
08/02/97 10:50:00,8.133640289,200.0196075,0.332651764
08/02/97 10:55:00,8.143064499,199.6421814,0.332651764
08/02/97 11:00:00,8.156064034,199.8619385,0.446302682
08/02/97 11:05:00,8.153347969,200.25,0.441480756
08/02/97 11:10:00,8.248774529,200.184082,0.435041368
08/02/97 11:15:00,8.260650635,200.1181488,0.433362842
08/02/97 11:20:00,8.261489868,200.0522308,0.539567232
08/02/97 11:25:00,8.310968399,199.7608795,0.597552419
08/02/97 11:30:00,8.376300812,200.4859924,0.610370219
08/02/97 11:35:00,8.370868683,201.0397034,0.601214647
08/02/97 11:40:00,8.35603714,200.6652679,0.601214647
08/02/97 11:45:00,8.420643806,200.5453186,0.601214647
08/02/97 11:50:00,8.408101082,200.6551819,0.891140521
08/02/97 11:55:00,8.412103653,200.7650452,0.891140521
08/02/97 12:00:00,8.405705452,201.0804443,0.912076116
08/02/97 12:05:00,8.380070686,200.9006805,0.936307907
08/02/97 12:10:00,8.379570007,200.555191,0.936918259
08/02/97 12:15:00,8.375583649,200.7200012,1.113925695
08/02/97 12:20:00,8.363628387,200.8848114,1.089587092
08/02/97 12:25:00,8.362308502,201.0681915,1.058229327
08/02/97 12:30:00,8.356903076,201.0945587,1.049836874
08/02/97 12:35:00,8.332864761,201.1209106,1.049836755
08/02/97 12:40:00,8.283364296,201.1472931,1.064668655
08/02/97 12:45:00,8.291097641,201.173645,1.132236719
08/02/97 12:50:00,8.275898933,201.1568909,1.054507971
08/02/97 12:55:00,8.267350197,201.0836487,1.069455862
08/02/97 13:00:00,8.243148804,201.0104065,1.074251533
08/02/97 13:05:00,8.242054939,200.9371643,1.076021671
08/02/97 13:10:00,8.258285522,200.7338409,1.042512298
08/02/97 13:15:00,8.216734886,201.1513214,1.004058957
08/02/97 13:20:00,8.215638161,201.0634308,0.968702197
08/02/97 13:25:00,8.209860802,200.9755402,0.923123896
08/02/97 13:30:00,8.23962307,200.6404266,0.915555298
08/02/97 13:35:00,8.324411392,200.5462494,0.915555298
08/02/97 13:40:00,8.3104105,201.1583557,0.915555298
08/02/97 13:45:00,8.305368423,201.098587,0.805688679
08/02/97 13:50:00,8.422140121,201.0106964,0.82064271
08/02/97 13:55:00,8.427862167,200.9228058,0.820947886
08/02/97 14:00:00,8.411712646,201.154129,0.820947886
08/02/97 14:05:00,8.450399399,201.1014099,0.832850099
08/02/97 14:10:00,8.512320518,201.0486603,0.847270072
08/02/97 14:15:00,8.534104347,200.9959412,0.851466417
08/02/97 14:20:00,8.526181221,200.9432068,0.874660492
08/02/97 14:25:00,8.596038818,201.0726776,0.910733342
08/02/97 14:30:00,8.63299942,201.4663086,0.927762687
08/02/97 14:35:00,8.633173943,201.5133972,0.985747933
08/02/97 14:40:00,8.679700851,201.5604706,0.985747874
08/02/97 14:45:00,8.728164673,201.4582825,0.985747874
08/02/97 14:50:00,8.720974922,201.5132446,1.138340354
08/02/97 14:55:00,8.727941513,201.568161,1.138340354
08/02/97 15:00:00,8.746819496,201.6230927,1.220740438
08/02/97 15:05:00,8.738534927,201.678009,1.225501299
08/02/97 15:10:00,8.725424767,201.6856995,1.311807632
08/02/97 15:15:00,8.744035721,201.5392151,1.373333097
08/02/97 15:20:00,8.733038902,201.1523743,1.402325511
08/02/97 15:25:00,8.727658272,200.97258,1.434369922
08/02/97 15:30:00,8.744774818,200.7928009,1.434370041
08/02/97 15:35:00,8.722501755,200.8630524,1.489303231
08/02/97 15:40:00,8.728178978,201.7120972,1.490676641
08/02/97 15:45:00,8.720519066,201.7120972,1.502548337
08/02/97 15:50:00,8.718027115,200.9790649,1.535081148
08/02/97 15:55:00,8.683720589,200.8485413,1.535081148
08/02/97 16:00:00,8.660984993,200.8155823,1.635792136
08/02/97 16:05:00,8.664235115,201.4331207,1.541184783
08/02/97 16:10:00,8.61191082,201.4067535,1.541184783
08/02/97 16:15:00,8.523530006,201.3804016,1.547288418
08/02/97 16:20:00,8.508247375,201.3540192,1.613940954
08/02/97 16:25:00,8.51421833,201.327652,1.581850648
08/02/97 16:30:00,8.440778732,201.366684,1.562547684
08/02/97 16:35:00,8.396161079,201.7846069,1.562547684
08/02/97 16:40:00,8.407580376,201.3331909,1.50848639
08/02/97 16:45:00,8.380939484,201.3618622,1.46794045
08/02/97 16:50:00,8.359851837,201.3905182,1.430944443
08/02/97 16:55:00,8.373070717,201.4191742,1.330835938
08/02/97 17:00:00,8.367923737,201.4478455,1.205481172
08/02/97 17:05:00,8.425435066,201.7153931,1.116977453
08/02/97 17:10:00,8.439387321,201.3429413,1.100497484
08/02/97 17:15:00,8.43414402,201.5890198,1.043733001
08/02/97 17:20:00,8.449255943,201.5703583,0.994903386
08/02/97 17:25:00,8.527932167,201.7796783,0.979495287
08/02/97 17:30:00,8.555052757,201.3561249,0.92471087
08/02/97 17:35:00,8.548265457,201.366272,0.878933132
08/02/97 17:40:00,8.554223061,201.4169922,0.878933072
08/02/97 17:45:00,8.61901474,201.848877,0.866969824
08/02/97 17:50:00,8.652272224,201.8763428,0.866725683
08/02/97 17:55:00,8.644497871,201.9038239,0.895126522
08/02/97 18:00:00,8.683175087,201.9312744,0.903347969
08/02/97 18:05:00,8.757874489,201.9587402,0.942487895
08/02/97 18:10:00,8.740494728,201.8439331,0.992474377
08/02/97 18:15:00,8.744279861,201.8439331,1.004058957
08/02/97 18:20:00,8.748742104,201.8439331,1.028473735
08/02/97 18:25:00,8.76693058,201.8439331,1.040147066
08/02/97 18:30:00,8.735068321,202.30867,1.080355287
08/02/97 18:35:00,8.741555214,202.3317413,1.153599739
08/02/97 18:40:00,8.739377022,201.6725464,1.15359962
08/02/97 18:45:00,8.743523598,201.4528046,1.15359962
08/02/97 18:50:00,8.74085331,201.4194183,1.269569993
08/02/97 18:55:00,8.736990929,201.551239,1.269569993
08/02/97 19:00:00,8.739537239,201.8439331,1.269569993
08/02/97 19:05:00,8.748868942,201.8439331,1.251258969
08/02/97 19:10:00,8.737662315,201.8439331,1.25125885
08/02/97 19:15:00,8.682027817,201.9856415,1.317056894
08/02/97 19:20:00,8.665133476,201.773056,1.35708189
08/02/97 19:25:00,8.660969734,202.0944214,1.358073711
08/02/97 19:30:00,8.537614822,201.8492126,1.358073711
08/02/97 19:35:00,8.383190155,201.8887482,1.345683217
08/02/97 19:40:00,8.360021591,202.1438599,1.31786561
08/02/97 19:45:00,8.369005203,201.9790649,1.297036767
08/02/97 19:50:00,8.059602737,201.785553,1.294137478
08/02/97 19:55:00,8.05783844,201.8797302,1.244544744
08/02/97 20:00:00,8.043397903,201.973877,1.168858886
08/02/97 20:05:00,8.038050652,201.6763,1.016266346
08/02/97 20:10:00,8.120845795,201.5821228,0.979873061
08/02/97 20:15:00,8.107592583,201.3363647,0.825403631
08/02/97 20:20:00,8.110214233,201.6842499,0.692770183
08/02/97 20:25:00,8.165440559,201.6110077,0.692770183
08/02/97 20:30:00,8.196188927,201.8043823,0.564592421
08/02/97 20:35:00,8.191497803,201.6948547,0.450941533
08/02/97 20:40:00,8.224669456,201.5427246,0.448622108
08/02/97 20:45:00,8.258148193,201.6593475,0.415051728
08/02/97 20:50:00,8.254173279,201.6862488,0.401776195
08/02/97 20:55:00,8.264367104,201.6598816,0.381045401
08/02/97 21:00:00,8.282790184,201.6334991,0.36927399
08/02/97 21:05:00,8.323069572,201.6071472,0.356227309
08/02/97 21:10:00,8.343493462,201.5807648,0.348533839
08/02/97 21:15:00,8.357995987,201.5419006,0.362315744
08/02/97 21:20:00,8.38816452,201.6617432,0.372325808
08/02/97 21:25:00,8.400067329,201.6264038,0.372325808
08/02/97 21:30:00,8.39362812,201.9230347,0.350962847
08/02/97 21:35:00,8.38542366,201.8321991,0.386852622
08/02/97 21:40:00,8.475317955,201.4747772,0.435193926
08/02/97 21:45:00,8.481355667,201.5974884,0.448622078
08/02/97 21:50:00,8.478079796,201.7496185,0.448622078
08/02/97 21:55:00,8.514792442,201.9757538,0.481810957
08/02/97 22:00:00,8.535904884,201.9757843,0.494399875
08/02/97 22:05:00,8.54633522,201.9757843,0.513582945
08/02/97 22:10:00,8.550695419,201.9757843,0.551164329
08/02/97 22:15:00,8.555370331,201.9757538,0.57679981
08/02/97 22:20:00,8.542679787,201.7565765,0.610370278
08/02/97 22:25:00,8.541337013,202.0037994,0.610370278
08/02/97 22:30:00,8.560661316,202.1768188,0.610370278
08/02/97 22:35:00,8.536624908,202.2097778,0.714133143
08/02/97 22:40:00,8.553255081,201.5950775,0.727087915
08/02/97 22:45:00,8.547502518,201.677475,0.793481231
08/02/97 22:50:00,8.555761337,201.759903,0.796533108
08/02/97 22:55:00,8.547472,201.8423004,0.796533108
08/02/97 23:00:00,8.556261063,201.9246674,0.814844191
08/02/97 23:05:00,8.555635452,202.0285187,0.831411421
08/02/97 23:10:00,8.548341751,201.5444641,0.836207151
08/02/97 23:15:00,8.550969124,201.4503021,0.836207151
08/02/97 23:20:00,8.558244705,201.0496063,0.846354544
08/02/97 23:25:00,8.456557274,201.214386,0.889461935
08/02/97 23:30:00,8.364665985,201.9249268,0.92471081
08/02/97 23:35:00,8.362560272,201.642395,0.878933072
08/02/97 23:40:00,8.344492912,201.2845612,0.889233053
08/02/97 23:45:00,8.337601662,200.5782776,0.92471087
08/02/97 23:50:00,8.339747429,201.0779419,0.92471087
08/02/97 23:55:00,8.34125042,201.1438599,0.9054842
08/03/97 0:00:00,8.342562675,201.5505829,0.817896068
08/03/97 0:05:00,8.342302322,201.385788,0.743125737
08/03/97 0:10:00,8.346187592,201.0381622,0.741599798
08/03/97 0:15:00,8.336657524,200.9993744,0.741599798
08/03/97 0:20:00,8.340764046,200.9606018,0.726731777
08/03/97 0:25:00,8.335772514,200.9218292,0.676638961
08/03/97 0:30:00,8.338787079,201.1293488,0.662251651
08/03/97 0:35:00,8.325937271,201.1739349,0.646763563
08/03/97 0:40:00,8.335520744,201.1140137,0.646198928
08/03/97 0:45:00,8.318173409,201.0540924,0.650044322
08/03/97 0:50:00,8.338303566,200.8042755,0.656147957
08/03/97 0:55:00,8.346362114,201.1677856,0.656148016
08/03/97 1:00:00,8.321329117,201.0736084,0.631733119
08/03/97 1:05:00,8.338859558,200.9794464,0.604815841
08/03/97 1:10:00,8.323962212,200.8852692,0.604266405
08/03/97 1:15:00,8.246116638,200.7910919,0.628681302
08/03/97 1:20:00,8.202544212,201.2006531,0.628681302
08/03/97 1:25:00,8.214002609,201.2281189,0.628681302
08/03/97 1:30:00,8.139286041,201.2556,0.592059076
08/03/97 1:35:00,8.059488297,201.2830658,0.592059076
08/03/97 1:40:00,8.069045067,201.3105316,0.592059076
08/03/97 1:45:00,8.061243057,201.1571808,0.601214647
08/03/97 1:50:00,7.86388731,201.3369598,0.601214647
08/03/97 1:55:00,7.880813122,201.5341034,0.523773909
08/03/97 2:00:00,7.851130486,201.5090637,0.494399875
08/03/97 2:05:00,7.847376823,201.0660706,0.450910985
08/03/97 2:10:00,7.81145668,201.052887,0.373851776
08/03/97 2:15:00,7.806409359,201.052887,0.341807336
08/03/97 2:20:00,7.809129715,201.5275116,0.309915483
08/03/97 2:25:00,7.677602768,201.580246,0.254486978
08/03/97 2:30:00,7.669393063,202.0548706,0.219733268
08/03/97 2:35:00,7.67854166,202.107605,0.219733268
08/03/97 2:40:00,7.678274155,201.6016693,0.216986611
08/03/97 2:45:00,7.669324875,201.6291504,0.203539759
08/03/97 2:50:00,7.680648804,201.656601,0.183111042
08/03/97 2:55:00,7.6735816,201.6840668,0.183111042
08/03/97 3:00:00,7.668225765,201.7115173,0.201055944
08/03/97 3:05:00,7.659200191,201.8850555,0.201422185
08/03/97 3:10:00,7.672053814,201.9377899,0.168233305
08/03/97 3:15:00,7.667562008,201.9905396,0.155644402
08/03/97 3:20:00,7.850916862,202.0432739,0.17246072
08/03/97 3:25:00,7.869419575,202.095993,0.197302163
08/03/97 3:30:00,7.867114544,201.9757843,0.183111042
08/03/97 3:35:00,7.943102837,202.4503937,0.183111042
08/03/97 3:40:00,8.013543129,202.2737274,0.182424381
08/03/97 3:45:00,8.01834774,201.8087616,0.180059209
08/03/97 3:50:00,8.015526772,201.6013336,0.207525864
08/03/97 3:55:00,8.052864075,202.0498047,0.207525879
08/03/97 4:00:00,8.074495316,201.8976746,0.207525879
08/03/97 4:05:00,8.082095146,201.7455597,0.204474032
08/03/97 4:10:00,8.081332207,201.6122742,0.204474017
08/03/97 4:15:00,8.078860283,202.4372101,0.256355494
08/03/97 4:20:00,8.061769485,201.661972,0.217673272
08/03/97 4:25:00,8.075839043,201.5301361,0.216681421
08/03/97 4:30:00,8.067140579,201.1685333,0.244148076
08/03/97 4:35:00,8.073854446,201.0786438,0.253074735
08/03/97 4:40:00,8.071009636,200.9887848,0.248542741
08/03/97 4:45:00,8.081400871,200.89888,0.247199938
08/03/97 4:50:00,7.950127125,200.8089905,0.242774755
08/03/97 4:55:00,7.935545444,200.7666168,0.241096228
08/03/97 5:00:00,7.945860386,201.1583557,0.241096228
08/03/97 5:05:00,7.942846775,201.1847229,0.258535385
08/03/97 5:10:00,7.750526428,201.1847229,0.2498703
08/03/97 5:15:00,7.752693176,201.1847229,0.225836977
08/03/97 5:20:00,7.732724667,200.6573639,0.225836977
08/03/97 5:25:00,7.60460186,200.6573639,0.213080242
08/03/97 5:30:00,7.591357231,200.6573792,0.192266613
08/03/97 5:35:00,7.59566021,200.6573639,0.216681421
08/03/97 5:40:00,7.599261284,200.6573639,0.216681436
08/03/97 5:45:00,7.494529724,200.9115601,0.20142217
08/03/97 5:50:00,7.485870361,200.8588409,0.192266613
08/03/97 5:55:00,7.493782043,200.806076,0.192266613
08/03/97 6:00:00,7.495590687,200.7533569,0.207525879
08/03/97 6:05:00,7.507688046,200.7006073,0.20154424
08/03/97 6:10:00,7.487258434,201.1319885,0.201422185
08/03/97 6:15:00,7.494216919,200.9694061,0.177007377
08/03/97 6:20:00,7.493204117,201.0690613,0.177007377
08/03/97 6:25:00,7.496658325,201.1589661,0.177007377
08/03/97 6:30:00,7.49051857,201.2488708,0.183111057
08/03/97 6:35:00,7.48034668,201.3387604,0.183111057
08/03/97 6:40:00,7.695082664,201.4286499,0.191961437
08/03/97 6:45:00,7.704123497,200.8419495,0.19531846
08/03/97 6:50:00,7.708968639,200.4530182,0.204168826
08/03/97 6:55:00,7.778087616,201.1122131,0.19513534
08/03/97 7:00:00,7.812257767,201.4615936,0.186162904
08/03/97 7:05:00,7.820026875,201.0660858,0.196310312
08/03/97 7:10:00,7.817804337,200.3871155,0.207525879
08/03/97 7:15:00,7.822840214,201.0133362,0.207525879
08/03/97 7:20:00,7.825599194,201.6285858,0.183111042
08/03/97 7:25:00,7.807825089,201.2110901,0.186100632
08/03/97 7:30:00,7.81511879,201.0555267,0.20142217
08/03/97 7:35:00,7.81411171,200.7308197,0.240286559
08/03/97 7:40:00,7.806024551,201.1583405,0.241096243
08/03/97 7:45:00,7.831110477,201.0118713,0.241096228
08/03/97 7:50:00,7.82805872,200.6474609,0.231574446
08/03/97 7:55:00,7.835291386,200.5925293,0.246589556
08/03/97 8:00:00,7.841340542,200.5376129,0.253303617
08/03/97 8:05:00,7.82578516,200.4826813,0.253303617
08/03/97 8:10:00,7.703139305,200.4277496,0.224311054
08/03/97 8:15:00,7.69791317,200.1695557,0.192266613
08/03/97 8:20:00,7.67873764,200.3892975,0.210577711
08/03/97 8:25:00,7.616351604,200.850174,0.207831055
08/03/97 8:30:00,7.581606388,201.1715393,0.195318475
08/03/97 8:35:00,7.608546734,200.037735,0.195318475
08/03/97 8:40:00,7.579791069,200.105835,0.195318446
08/03/97 8:45:00,7.585588932,200.2157135,0.22278513
08/03/97 8:50:00,7.582659721,200.535965,0.222785115
08/03/97 8:55:00,7.586211681,200.5634308,0.199774176
08/03/97 9:00:00,7.597094536,200.5909119,0.183111042
08/03/97 9:05:00,7.587730885,200.6183624,0.183111042
08/03/97 9:10:00,7.581652164,200.6458282,0.183111042
08/03/97 9:15:00,7.582582951,200.2750549,0.201048478
08/03/97 9:20:00,7.819475174,200.2876892,0.201422185
08/03/97 9:25:00,7.853290081,200.3140564,0.201422185
08/03/97 9:30:00,7.859942913,200.3404388,0.201422185
08/03/97 9:35:00,7.850520611,200.3667908,0.197073281
08/03/97 9:40:00,7.981773853,200.3931732,0.191106915
08/03/97 9:45:00,7.99398756,200.5387268,0.189214766
08/03/97 9:50:00,8.141880989,200.3865967,0.234992534
08/03/97 9:55:00,8.178002357,200.0245514,0.234992519
08/03/97 10:00:00,8.15913868,199.9981842,0.234992534
08/03/97 10:05:00,8.158787727,201.0397034,0.317392498
08/03/97 10:10:00,8.306693077,201.0265198,0.323435158
08/03/97 10:15:00,8.323077202,200.457428,0.350962847
08/03/97 10:20:00,8.318392754,200.5672913,0.36927399
08/03/97 10:25:00,8.382671356,200.6771545,0.36927399
08/03/97 10:30:00,8.428442955,200.7870026,0.55543685
08/03/97 10:35:00,8.441282272,200.7667999,0.55543685
08/03/97 10:40:00,8.425695419,200.5690308,0.555436909
08/03/97 10:45:00,8.420819283,201.1363983,0.589007258
08/03/97 10:50:00,8.415265083,201.4273224,0.70261085
08/03/97 10:55:00,8.42820549,200.9694061,0.86161387
08/03/97 11:00:00,8.415905952,200.5519104,0.909451604
08/03/97 11:05:00,8.445356369,200.037735,0.909451604
08/03/97 11:10:00,8.448067665,199.5894623,0.917569578
08/03/97 11:15:00,8.436712265,200.0527954,0.930814624
08/03/97 11:20:00,8.426159859,200.4859924,0.891140461
08/03/97 11:25:00,8.435346603,200.6136169,0.891140521
08/03/97 11:30:00,8.408613205,200.7035065,0.891140521
08/03/97 11:35:00,8.400629044,200.7934113,0.894130051
08/03/97 11:40:00,8.364654541,200.8832855,0.894192398
08/03/97 11:45:00,8.377086639,201.0301208,0.894192398
08/03/97 11:50:00,8.342661858,200.9701996,0.914105654
08/03/97 11:55:00,8.475393295,200.565094,0.921658993
08/03/97 12:00:00,8.43055439,200.6639709,0.921659052
08/03/97 12:05:00,8.43614006,200.8052216,0.935610294
08/03/97 12:10:00,8.435889244,201.0397034,0.924859703
08/03/97 12:15:00,8.406064034,201.052887,0.900296092
08/03/97 12:20:00,8.405972481,201.052887,0.918851316
08/03/97 12:25:00,8.410679817,201.052887,0.949125648
08/03/97 12:30:00,8.412106514,201.052887,0.949125648
08/03/97 12:35:00,8.423883438,201.052887,0.979644179
08/03/97 12:40:00,8.40862751,201.0001526,0.979644179
08/03/97 12:45:00,8.415516853,200.9508972,0.967436731
08/03/97 12:50:00,8.445137024,200.8468018,0.967436731
08/03/97 12:55:00,8.479621887,200.7427216,0.967436731
08/03/97 13:00:00,8.487662315,200.5387268,0.982695997
08/03/97 13:05:00,8.487442017,200.6870422,0.982695997
08/03/97 13:10:00,8.604663849,201.0232239,0.972075582
08/03/97 13:15:00,8.610151291,200.858429,0.964384913
08/03/97 13:20:00,8.594607353,200.5613098,0.970183432
08/03/97 13:25:00,8.662397385,200.6554871,0.98994422
08/03/97 13:30:00,8.694168091,200.749649,1.025421977
08/03/97 13:35:00,8.698729515,200.8438416,NaN
08/03/97 13:40:00,8.691224098,201.0397034,NaN
08/03/97 13:45:00,8.78633213,201.1037445,NaN
08/03/97 13:50:00,8.792215347,201.386261,1.116977453
08/03/97 13:55:00,8.800714493,201.5037842,1.116977453
08/03/97 14:00:00,8.797861099,201.371933,1.116977453
08/03/97 14:05:00,8.79627037,201.0695801,1.284829378
08/03/97 14:10:00,8.801019669,201.1135406,1.284829378
08/03/97 14:15:00,8.794778824,201.157486,1.284829378
08/03/97 14:20:00,8.790990829,201.3429413,1.368537188
08/03/97 14:25:00,8.817118645,200.9606018,NaN
08/03/97 14:30:00,8.589953423,201.1979218,1.406903148
08/03/97 14:35:00,8.60086441,201.385788,1.487243176
08/03/97 14:40:00,8.446996689,201.4533691,1.489303231
08/03/97 14:45:00,8.468398094,201.4808197,1.489303231
08/03/97 14:50:00,8.468782425,201.5082855,1.530317068
08/03/97 14:55:00,8.474364281,201.5357361,1.474272966
08/03/97 15:00:00,8.46807766,201.5632172,1.446577311
08/03/97 15:05:00,8.448690414,201.6527557,1.356303573
08/03/97 15:10:00,8.497055054,201.3231812,1.290933013
08/03/97 15:15:00,8.448292732,201.3249512,1.290932894
08/03/97 15:20:00,8.470808983,201.5047302,1.364177346
08/03/97 15:25:00,8.460359573,201.6826172,1.366237402
08/03/97 15:30:00,8.472624779,201.605072,1.373332977
08/03/97 15:35:00,8.461672783,201.5275269,1.40385139
08/03/97 15:40:00,8.460213661,201.4499512,1.40385139
08/03/97 15:45:00,8.467474937,201.2418518,1.424778461
08/03/97 15:50:00,8.451545715,201.3151093,1.335947752
08/03/97 15:55:00,8.45786953,201.8117981,1.333658814
08/03/97 16:00:00,8.473708153,201.7705841,1.184118152
08/03/97 16:05:00,8.464259148,201.7294006,1.156215549
08/03/97 16:10:00,8.472786903,201.3635406,1.117892981
08/03/97 16:15:00,8.466498375,201.4871368,1.09866631
08/03/97 16:20:00,8.456807137,201.610733,0.991851568
08/03/97 16:25:00,8.479483604,201.8307495,0.978118241
08/03/97 16:30:00,8.461501122,201.7299347,0.930814624
08/03/97 16:35:00,8.459462166,201.6136017,0.930814564
08/03/97 16:40:00,8.446943283,201.4972687,0.930814564
08/03/97 16:45:00,8.472151756,201.6923218,0.888088644
08/03/97 16:50:00,8.473195076,201.7153931,0.888088584
08/03/97 16:55:00,8.55516243,201.5505829,0.878566921
08/03/97 17:00:00,8.562486649,201.2242584,0.875881255
08/03/97 17:05:00,8.59473896,201.4440155,0.882519007
08/03/97 17:10:00,8.620929718,201.7120819,0.860698283
08/03/97 17:15:00,8.608044624,201.7120819,0.851466417
08/03/97 17:20:00,8.616333961,201.7120819,0.875804961
08/03/97 17:25:00,8.641041756,201.7120819,0.900967419
08/03/97 17:30:00,8.657442093,201.7120819,0.912503421
08/03/97 17:35:00,8.672653198,201.580246,0.90914011
08/03/97 17:40:00,8.668210983,201.580246,0.908841193
08/03/97 17:45:00,8.662229538,201.580246,0.927762687
08/03/97 17:50:00,8.651585579,201.6197968,0.94607383
08/03/97 17:55:00,8.657601357,202.0614624,0.946073711
08/03/97 18:00:00,8.651661873,201.5846405,0.973540425
08/03/97 18:05:00,8.660511971,201.4615936,0.958281219
08/03/97 18:10:00,8.663235664,201.4225616,0.958281219
08/03/97 18:15:00,8.661715508,201.3962097,0.958281219
08/03/97 18:20:00,8.665960312,201.3698273,0.934354663
08/03/97 18:25:00,8.683172226,201.3434601,0.933866382
08/03/97 18:30:00,8.69635582,201.3171082,0.961333096
08/03/97 18:35:00,8.687269211,201.6036224,0.961333096
08/03/97 18:40:00,8.68789959,201.6335907,0.961333036
08/03/97 18:45:00,8.744071007,201.6635437,0.961333096
08/03/97 18:50:00,8.813303947,201.693512,0.949430823
08/03/97 18:55:00,8.838480949,202.1207886,0.949125588
08/03/97 19:00:00,8.828425407,201.7955933,0.955229402
08/03/97 19:05:00,8.831996918,202.2130737,0.95965451
08/03/97 19:10:00,8.835689545,202.2855835,1.016647935
08/03/97 19:15:00,8.827877045,202.3326874,1.037629366
08/03/97 19:20:00,8.83398056,202.9645691,1.048249841
08/03/97 19:25:00,8.837507248,202.971756,1.092181087
08/03/97 19:30:00,8.81599617,202.9118347,1.132236719
08/03/97 19:35:00,8.831774712,202.5748138,1.16238904
08/03/97 19:40:00,8.819407463,202.6984253,1.212271452
08/03/97 19:45:00,8.638507843,202.8220215,1.214636683
08/03/97 19:50:00,8.502194405,202.9843445,1.214636683
08/03/97 19:55:00,8.388103485,203.1491394,1.220679402
08/03/97 20:00:00,8.246926308,203.000824,1.248207092
08/03/97 20:05:00,8.136638641,202.8360291,1.23905158
08/03/97 20:10:00,8.14631176,202.5848694,1.239051461
08/03/97 20:15:00,8.162701607,201.8795319,1.211584687
08/03/97 20:20:00,8.166089058,202.0772858,1.071947098
08/03/97 20:25:00,7.998771667,202.3581085,0.971785605
08/03/97 20:30:00,7.987669945,202.8854675,0.949125588
08/03/97 20:35:00,7.995491028,203.4128265,0.886525512
08/03/97 20:40:00,8.042032242,202.7894135,0.831858277
08/03/97 20:45:00,8.049305916,202.1603394,0.820947945
08/03/97 20:50:00,8.045289993,202.3014069,0.787606418
08/03/97 20:55:00,8.103121758,202.499176,0.728720963
08/03/97 21:00:00,8.107790947,202.847229,0.692770183
08/03/97 21:05:00,8.11001873,202.7812958,0.698873878
08/03/97 21:10:00,8.107925415,202.4137726,0.698873878
08/03/97 21:15:00,8.065584183,202.48703,0.657002449
08/03/97 21:20:00,8.05389595,202.8291473,0.656147957
08/03/97 21:25:00,8.031726837,202.7092743,0.670430601
08/03/97 21:30:00,7.990676403,202.2542572,0.6744591
08/03/97 21:35:00,8.038812637,202.3366852,0.667483449
08/03/97 21:40:00,8.024827003,202.2224884,0.662251651
08/03/97 21:45:00,8.027917862,202.1283264,0.662251651
08/03/97 21:50:00,8.030542374,202.0341644,0.656646192
08/03/97 21:55:00,8.027564049,201.9399872,0.64479506
08/03/97 22:00:00,8.064052582,201.8458252,0.634784997
08/03/97 22:05:00,8.132267952,201.8263397,0.634784997
08/03/97 22:10:00,8.216467857,201.9728394,0.622951269
08/03/97 22:15:00,8.234046936,201.7439423,0.619525731
08/03/97 22:20:00,8.227301598,201.7988892,0.608905315
08/03/97 22:25:00,8.233985901,201.1319885,0.601214647
08/03/97 22:30:00,8.236923218,201.7681274,0.601214647
08/03/97 22:35:00,8.237007141,202.1559448,0.601214647
08/03/97 22:40:00,8.258852005,201.9362335,0.601214647
08/03/97 22:45:00,8.283472061,201.7329712,0.619525731
08/03/97 22:50:00,8.282301903,201.7878876,0.665303528
08/03/97 22:55:00,8.279419899,201.8428345,0.665303528
08/03/97 23:00:00,8.314102173,201.8977661,0.607318282
08/03/97 23:05:00,8.334605217,201.9526978,0.628147185
08/03/97 23:10:00,8.334055901,201.862381,0.628681302
08/03/97 23:15:00,8.322049141,202.252655,0.628681302
08/03/97 23:20:00,8.336260796,202.0893555,0.625141203
08/03/97 23:25:00,8.309686661,201.9879456,0.615619421
08/03/97 23:30:00,8.328721046,201.8865356,0.604266465
08/03/97 23:35:00,8.323312759,201.621994,0.625629425
08/03/97 23:40:00,8.316736221,201.7318573,0.625629485
08/03/97 23:45:00,8.33697319,201.8417358,0.625629425
08/03/97 23:50:00,8.353778839,201.9515991,0.601214647
08/03/97 23:55:00,8.359960556,201.5245972,0.601214647
08/04/97 0:00:00,8.364068031,201.3780975,0.592245936
08/04/97 0:05:00,8.369213104,201.5934296,0.606573939
08/04/97 0:10:00,8.393475533,201.666687,0.586017668
08/04/97 0:15:00,8.372008324,202.0927734,0.579851747
08/04/97 0:20:00,8.375049591,202.0103912,0.588702083
08/04/97 0:25:00,8.384990692,201.5086823,0.593661308
08/04/97 0:30:00,8.370037079,201.320343,0.592059076
08/04/97 0:35:00,8.37165451,200.9945068,0.592059076
08/04/97 0:40:00,8.383556366,201.0886688,0.576113105
08/04/97 0:45:00,8.403644562,201.1828461,0.558488727
08/04/97 0:50:00,8.39456749,201.4895477,0.558488727
08/04/97 0:55:00,8.411686897,201.5422974,0.555742085
08/04/97 1:00:00,8.414154053,201.5950165,0.543229461
08/04/97 1:05:00,8.403737068,201.6477509,0.543229461
08/04/97 1:10:00,8.426599503,201.7004852,0.54322952
08/04/97 1:15:00,8.468733788,201.5077362,0.537125766
08/04/97 1:20:00,8.468245506,201.7292328,0.537125766
08/04/97 1:25:00,8.482924461,201.5314789,0.532364905
08/04/97 1:30:00,8.475447655,201.2302856,0.531022072
08/04/97 1:35:00,8.489273071,201.3501129,0.551316917
08/04/97 1:40:00,8.53306675,201.6857147,0.573747993
08/04/97 1:45:00,8.529454231,201.6717072,0.574297309
08/04/97 1:50:00,8.53016758,201.6305237,0.57679981
08/04/97 1:55:00,8.515099525,201.5893097,0.57679981
08/04/97 2:00:00,8.520877838,201.1847229,0.609698772
08/04/97 2:05:00,8.514016151,201.1847229,0.640125692
08/04/97 2:10:00,8.540628433,201.1056213,0.640888751
08/04/97 2:15:00,8.515122414,201.1964569,0.665303528
08/04/97 2:20:00,8.528138161,201.5538788,0.68300426
08/04/97 2:25:00,8.521225929,201.0636902,0.714499354
08/04/97 2:30:00,8.538843155,201.1235962,0.732444227
08/04/97 2:35:00,8.514817238,201.183548,0.722296834
08/04/97 2:40:00,8.532158852,201.2434692,0.711081266
08/04/97 2:45:00,8.529931068,201.3033905,0.711081266
08/04/97 2:50:00,8.530680656,201.5037842,0.680562794
08/04/97 2:55:00,8.524168015,201.1602478,0.680562735
08/04/97 3:00:00,8.514016151,201.4427643,0.680562794
08/04/97 3:05:00,8.523961067,201.3429413,0.735496104
08/04/97 3:10:00,8.5341959,201.2358246,0.735496104
08/04/97 3:15:00,8.520096779,201.1534271,0.723537803
08/04/97 3:20:00,8.521964073,201.0710297,0.735190988
08/04/97 3:25:00,8.519188881,200.9886322,0.735496163
08/04/97 3:30:00,8.517350197,200.8023987,0.735496163
08/04/97 3:35:00,8.526642799,201.3050385,0.726569414
08/04/97 3:40:00,8.527469635,201.0578308,0.733440816
08/04/97 3:45:00,8.525345802,200.7892151,0.735496104
08/04/97 3:50:00,8.511528969,201.2852631,0.717795372
08/04/97 3:55:00,8.526200294,201.2028656,0.702230871
08/04/97 4:00:00,8.523838997,201.1204681,0.698873878
08/04/97 4:05:00,8.516366005,201.0380707,0.698873878
08/04/97 4:10:00,8.527253151,200.9556427,0.723517537
08/04/97 4:15:00,8.512116432,201.1221008,0.75075531
08/04/97 4:20:00,8.518040657,201.0711365,0.748513162
08/04/97 4:25:00,8.509048462,201.1725769,0.742591679
08/04/97 4:30:00,8.512536049,201.2740021,0.735496163
08/04/97 4:35:00,8.521207809,200.9935608,0.735496104
08/04/97 4:40:00,8.519791603,200.4152679,0.735496104
08/04/97 4:45:00,8.530259132,200.5351105,0.808740497
08/04/97 4:50:00,8.507218361,200.6549683,0.738547981
08/04/97 4:55:00,8.476454735,201.5406952,0.738547921
08/04/97 5:00:00,8.273629189,201.3209686,0.750506163
08/04/97 5:05:00,8.237709045,200.9062042,0.75075531
08/04/97 5:10:00,8.080523491,200.823822,0.761375785
08/04/97 5:15:00,7.926649094,200.7414246,0.769066513
08/04/97 5:20:00,7.779648781,200.6590271,0.763267934
08/04/97 5:25:00,7.756132603,200.5766296,0.715109766
08/04/97 5:30:00,7.799194336,200.5255432,0.627216399
08/04/97 5:35:00,7.734916687,201.052887,0.537125766
08/04/97 5:40:00,7.740165234,201.052887,0.537125766
08/04/97 5:45:00,7.588961124,201.052887,0.430310994
08/04/97 5:50:00,7.589587212,201.052887,0.357066572
08/04/97 5:55:00,7.591440678,201.052887,0.357066572
08/04/97 6:00:00,7.371960163,200.9606018,0.357066572
08/04/97 6:05:00,7.21500349,201.0095825,0.285287052
08/04/97 6:10:00,7.215662479,201.44841,0.283822149
08/04/97 6:15:00,7.238740921,200.792511,0.216681421
08/04/97 6:20:00,7.213171959,200.6277161,0.223822758
08/04/97 6:25:00,7.226081371,200.4233551,0.181585133
08/04/97 6:30:00,7.235572815,200.921051,0.164799958
08/04/97 6:35:00,7.231239319,200.286911,0.164799958
08/04/97 6:40:00,7.474425793,200.3528442,0.15755181
08/04/97 6:45:00,7.478268147,200.3146057,0.149540693
08/04/97 6:50:00,7.484474182,200.5202484,0.149540693
08/04/97 6:55:00,7.70345974,200.9424744,0.150090024
08/04/97 7:00:00,7.737518311,200.9699402,0.152592555
08/04/97 7:05:00,7.744010925,200.9974213,0.176519066
08/04/97 7:10:00,7.752754688,201.0248718,0.177007377
08/04/97 7:15:00,7.884457111,201.0523376,0.173955485
08/04/97 7:20:00,7.890881538,200.7383575,0.176931068
08/04/97 7:25:00,7.890271187,200.4558411,0.177007377
08/04/97 7:30:00,7.886563301,200.5123444,0.204474017
08/04/97 7:35:00,7.894192696,200.6984863,0.206686601
08/04/97 7:40:00,7.903555393,200.5821533,0.198891371
08/04/97 7:45:00,7.884914875,200.4658203,0.19531846
08/04/97 7:50:00,7.908596992,199.9981537,0.19531846
08/04/97 7:55:00,7.903836727,199.9981842,0.211554319
08/04/97 8:00:00,7.907565117,200.2091217,0.238044396
08/04/97 8:05:00,7.904424191,200.5321198,0.228888825
08/04/97 8:10:00,7.886357307,199.8729401,0.228888825
08/04/97 8:15:00,7.913663387,199.59935,0.207525879
08/04/97 8:20:00,7.901992798,199.7641754,0.216498315
08/04/97 8:25:00,7.895886421,200.0944214,0.216681421
08/04/97 8:30:00,7.861354351,199.8966675,0.22278513
08/04/97 8:35:00,7.85994482,199.4971771,0.184102923
08/04/97 8:40:00,7.821794987,199.4708099,0.225959048
08/04/97 8:45:00,7.725509167,199.4708099,0.238044396
08/04/97 8:50:00,7.71998024,200.6178131,0.238044381
08/04/97 8:55:00,7.714212894,200.3980865,0.223548099
08/04/97 9:00:00,7.723410606,199.6443939,0.207525879
08/04/97 9:05:00,7.726920605,199.7542725,0.216223642
08/04/97 9:10:00,7.729636192,199.8641205,0.204962313
08/04/97 9:15:00,7.719146252,200.0657349,0.170903653
08/04/97 9:20:00,7.640706062,199.2862396,0.198370308
08/04/97 9:25:00,7.702826023,199.3686371,0.203176975
08/04/97 9:30:00,7.596331596,199.9981842,0.210943937
08/04/97 9:35:00,7.575876236,199.9981842,0.170903653
08/04/97 9:40:00,7.516418934,199.9981842,0.170903653
08/04/97 9:45:00,7.521054745,199.9981842,0.234992519
08/04/97 9:50:00,7.519516468,199.9981842,0.223090306
08/04/97 9:55:00,7.520401478,199.9091797,0.22278513
08/04/97 10:00:00,7.520938396,199.3547974,0.222785115
08/04/97 10:05:00,7.555985928,199.442688,0.211722165
08/04/97 10:10:00,7.535599709,199.5305786,0.207525864
08/04/97 10:15:00,7.582830429,199.8399811,NaN
08/04/97 10:20:00,7.580049992,199.37854,0.189214766
08/04/97 10:25:00,7.571901321,199.5982361,0.190709546
08/04/97 10:30:00,7.675435543,200.1748505,0.198370308
08/04/97 10:35:00,7.693686008,200.1388092,0.198370308
08/04/97 10:40:00,7.700021744,199.8030548,0.198370308
08/04/97 10:45:00,7.693838596,199.8909607,0.228888839
08/04/97 10:50:00,7.79898119,199.9788361,0.228888825
08/04/97 10:55:00,7.798631191,200.2750397,0.220038459
08/04/97 11:00:00,7.784493446,200.1300201,0.216681421
08/04/97 11:05:00,7.804803848,200.1300201,0.216681436
08/04/97 11:10:00,7.899624825,200.1300201,0.216681421
08/04/97 11:15:00,7.901352406,200.1300201,0.21269533
08/04/97 11:20:00,7.916646481,200.1300201,0.192266613
08/04/97 11:25:00,7.970908165,200.1888275,0.192266613
08/04/97 11:30:00,8.135654449,200.2902374,0.225165591
08/04/97 11:35:00,8.151341438,200.3916626,0.199652091
08/04/97 11:40:00,8.17172718,200.6863861,0.192266628
08/04/97 11:45:00,8.188085556,200.5545502,0.192266628
08/04/97 11:50:00,8.258766174,200.4227142,0.202887058
08/04/97 11:55:00,8.27184391,200.1632538,0.226272941
08/04/97 12:00:00,8.267852783,200.2205811,0.253303617
08/04/97 12:05:00,8.271698952,200.2778931,0.308236986
08/04/97 12:10:00,8.379930496,200.3352356,0.308236986
08/04/97 12:15:00,8.373668671,200.3925476,0.350962847
08/04/97 12:20:00,8.389312744,200.2552643,0.387585074
08/04/97 12:25:00,8.419690132,200.4645538,0.387585074
08/04/97 12:30:00,8.536950111,200.1432037,0.501236022
08/04/97 12:35:00,8.484725952,200.188736,0.601748645
08/04/97 12:40:00,8.494438171,200.2486725,0.604266405
08/04/97 12:45:00,8.576448441,200.7051697,0.604266405
08/04/97 12:50:00,8.594729424,200.7875671,0.651875436
08/04/97 12:55:00,8.584895134,200.8699646,0.785633624
08/04/97 13:00:00,8.647557259,200.9523621,0.875881195
08/04/97 13:05:00,8.570537567,201.0347443,0.886318564
08/04/97 13:10:00,8.605811119,201.4286499,0.903347909
08/04/97 13:15:00,8.58118248,201.3187714,0.903347909
08/04/97 13:20:00,8.556840897,200.749649,0.936918259
08/04/97 13:25:00,8.583148003,200.4688416,0.98704493
08/04/97 13:30:00,8.555925369,200.6665955,1.159703493
08/04/97 13:35:00,8.574126244,200.9474182,1.159703374
08/04/97 13:40:00,8.539114952,201.0939026,1.159703374
08/04/97 13:45:00,8.524137497,201.3297577,1.184118152
08/04/97 13:50:00,8.520310402,200.3014221,1.214636564
08/04/97 13:55:00,8.51597023,200.3910522,1.214636564
08/04/97 14:00:00,8.513932228,200.5228882,1.247535706
08/04/97 14:05:00,8.49301815,200.7892303,1.231544018
08/04/97 14:10:00,8.48675251,201.7384644,1.180379748
08/04/97 14:15:00,8.449598312,201.2110901,1.162755251
08/04/97 14:20:00,8.471419334,199.8795013,1.162755251
08/04/97 14:25:00,8.473189354,199.6764832,1.256926656
08/04/97 14:30:00,8.55650425,201.1451721,1.32755518
08/04/97 14:35:00,8.548997879,201.7120819,1.32755518
08/04/97 14:40:00,8.550634384,201.2374573,1.32755518
08/04/97 14:45:00,8.560856819,201.2116394,1.00753808
08/04/97 14:50:00,8.670558929,201.2391205,1.086703062
08/04/97 14:55:00,8.660879135,201.2665863,1.163191199
08/04/97 15:00:00,8.669393539,201.2940521,1.202429295
08/04/97 15:05:00,8.65056324,201.0792542,1.202429295
08/04/97 15:10:00,8.733412743,201.140976,1.218375087
08/04/97 15:15:00,8.757278442,201.2308655,1.235999584
08/04/97 15:20:00,8.766576767,201.320755,1.235999584
08/04/97 15:25:00,8.776452065,201.4106598,1.242042303
08/04/97 15:30:00,8.769639015,201.5176239,1.269569993
08/04/97 15:35:00,8.766077042,201.3528137,1.315347791
08/04/97 15:40:00,8.763390541,201.1880188,1.315347672
08/04/97 15:45:00,8.760354042,201.3429413,1.384107828
08/04/97 15:50:00,8.760994911,201.1122131,1.424222589
08/04/97 15:55:00,8.771904945,201.5955353,1.425214529
08/04/97 16:00:00,8.749810219,201.6219025,1.422162652
08/04/97 16:05:00,8.76503849,201.6482849,1.422162652
08/04/97 16:10:00,8.754845619,201.6746521,1.422162652
08/04/97 16:15:00,8.741025925,201.7010193,1.41300714
08/04/97 16:20:00,8.748094559,201.6923218,1.40586555
08/04/97 16:25:00,8.761254311,201.9346619,1.401638865
08/04/97 16:30:00,8.757424355,202.0509949,1.400799632
08/04/97 16:35:00,8.756181717,202.1673126,1.404287457
08/04/97 16:40:00,8.758179665,202.3458557,1.401104808
08/04/97 16:45:00,8.757950783,202.2046204,1.391644001
08/04/97 16:50:00,8.760723114,202.0633545,1.400799632
08/04/97 16:55:00,8.75164032,201.6514435,1.400799632
08/04/97 17:00:00,8.747857094,202.2130737,1.391643882
08/04/97 17:05:00,8.749779701,202.2394409,1.370708346
08/04/97 17:10:00,8.747850418,201.7648163,1.365520239
08/04/97 17:15:00,8.75970459,202.2935791,1.364177346
08/04/97 17:20:00,8.736403465,202.3629608,1.364177346
08/04/97 17:25:00,8.74836731,202.4323425,1.354030013
08/04/97 17:30:00,8.759069443,202.5017395,1.342814445
08/04/97 17:35:00,8.740286827,202.2526245,1.337015986
08/04/97 17:40:00,8.74236393,202.3885193,1.323160648
08/04/97 17:45:00,8.746299744,202.5406494,1.303140402
08/04/97 17:50:00,8.737961769,202.6481476,1.330607057
08/04/97 17:55:00,8.743270874,202.494339,1.330607057
08/04/97 18:00:00,8.72978878,202.1998901,1.303689837
08/04/97 18:05:00,8.742028236,202.2572327,1.326944828
08/04/97 18:10:00,8.737875938,202.3561249,1.310891986
08/04/97 18:15:00,8.730643272,202.4550018,1.306192279
08/04/97 18:20:00,8.747246742,202.5538788,1.30619216
08/04/97 18:25:00,8.737992287,202.7536163,1.273720503
08/04/97 18:30:00,8.746621132,202.6152039,1.216895103
08/04/97 18:35:00,8.738938332,202.7882385,1.199377418
08/04/97 18:40:00,8.744121552,202.8156891,1.199377418
08/04/97 18:45:00,8.728604317,202.8431702,1.232947826
08/04/97 18:50:00,8.724510193,202.870636,1.230581164
08/04/97 18:55:00,8.721152306,202.8980865,1.229895949
08/04/97 19:00:00,8.732108116,203.1194916,1.229895949
08/04/97 19:05:00,8.732626915,203.0645447,1.226996779
08/04/97 19:10:00,8.738272667,203.009613,1.20349741
08/04/97 19:15:00,8.725527763,202.9546814,1.181066275
08/04/97 19:20:00,8.733578682,202.8997345,1.185705185
08/04/97 19:25:00,8.738963127,202.5163116,1.193273664
08/04/97 19:30:00,8.737217903,202.5426788,1.193273783
08/04/97 19:35:00,8.741697311,202.5031281,1.15359962
08/04/97 19:40:00,8.72273922,203.0156403,1.15359962
08/04/97 19:45:00,8.735129356,202.9332428,1.141636372
08/04/97 19:50:00,8.737711906,202.8508606,1.129490018
08/04/97 19:55:00,8.737021446,202.7684479,1.129184842
08/04/97 20:00:00,8.727873802,202.6860657,1.150547981
08/04/97 20:05:00,8.733679771,202.7618561,1.164830446
08/04/97 20:10:00,8.739171028,202.7343903,1.16000855
08/04/97 20:15:00,8.737821579,202.7069244,1.156651378
08/04/97 20:20:00,8.738669395,202.6794434,1.121250033
08/04/97 20:25:00,8.723525047,202.6519928,1.097358465
08/04/97 20:30:00,8.727884293,202.8591003,1.089510798
08/04/97 20:35:00,8.727682114,202.9397583,1.083407044
08/04/97 20:40:00,8.735701561,202.8234253,1.08290875
08/04/97 20:45:00,8.722867966,202.7070923,1.080355287
08/04/97 20:50:00,8.730978966,202.5743256,1.140171528
08/04/97 20:55:00,8.72765255,203.2546082,1.141392231
08/04/97 21:00:00,8.728201866,203.2480164,1.089510798
08/04/97 21:05:00,8.733420372,203.2009277,1.093936086
08/04/97 21:10:00,8.722205162,202.8063507,1.102252364
08/04/97 21:15:00,8.73696804,202.6493378,1.104770184
08/04/97 21:20:00,8.732146263,202.5294952,1.122470856
08/04/97 21:25:00,8.732611656,202.8327332,1.124759793
08/04/97 21:30:00,8.721281052,202.4652252,1.123081207
08/04/97 21:35:00,8.732066154,202.7124176,1.096530199
08/04/97 21:40:00,8.724900246,202.9349213,1.07730341
08/04/97 21:45:00,8.720902443,202.7701111,1.07730341
08/04/97 21:50:00,8.715567589,202.5163116,1.107821941
08/04/97 21:55:00,8.739098549,202.3976593,1.107821941
08/04/97 22:00:00,8.725272179,202.4488068,1.107821941
08/04/97 22:05:00,8.71378994,202.5279236,1.135288596
08/04/97 22:10:00,8.732059479,202.6070251,1.135288596
08/04/97 22:15:00,8.721037865,202.6861267,1.126132965
08/04/97 22:20:00,8.726004601,202.765213,1.099948168
08/04/97 22:25:00,8.715514183,202.6778259,1.10583818
08/04/97 22:30:00,8.620227814,202.7327423,1.110873699
08/04/97 22:35:00,8.608081818,202.787674,1.127109528
08/04/97 22:40:00,8.569816589,202.8426208,1.15359962
08/04/97 22:45:00,8.437879562,202.8975525,1.154698253
08/04/97 22:50:00,8.419732094,202.4108429,1.159703374
08/04/97 22:55:00,8.408612251,202.2905426,1.159703374
08/04/97 23:00:00,8.276223183,202.2081451,1.144444108
08/04/97 23:05:00,8.22537899,202.1257324,1.061128497
08/04/97 23:10:00,8.211859703,202.2120667,1.058992267
08/04/97 23:15:00,8.258277893,202.0599365,0.952177525
08/04/97 23:20:00,8.217650414,201.9078369,0.952177584
08/04/97 23:25:00,8.210379601,201.6285858,0.823847175
08/04/97 23:30:00,8.190671921,202.1757202,0.775170207
08/04/97 23:35:00,8.183459282,201.7290344,0.721533895
08/04/97 23:40:00,8.152855873,201.8232117,0.625141144
08/04/97 23:45:00,8.152043343,202.3458099,0.564592421
08/04/97 23:50:00,8.139042854,202.3018646,0.503555417
08/04/97 23:55:00,8.143300056,202.2579041,0.498062074
08/05/97 0:00:00,8.15019989,201.9691925,0.473036855
08/05/97 0:05:00,8.142704964,202.3086548,0.415051758
08/05/97 0:10:00,8.146641731,202.1438751,0.415051758
08/05/97 0:15:00,8.152929306,201.9790802,0.415051758
08/05/97 0:20:00,8.151585579,202.2672729,0.40308848
08/05/97 0:25:00,8.147557259,202.3405457,0.381543666
08/05/97 0:30:00,8.145390511,202.7041779,0.375377655
08/05/97 0:35:00,8.148686409,202.2689209,0.375377655
08/05/97 0:40:00,8.114245415,202.3464813,0.379133791
08/05/97 0:45:00,8.130725861,202.4240265,0.395183563
08/05/97 0:50:00,8.150288582,202.5015717,0.40284434
08/05/97 0:55:00,8.138987541,202.2438354,0.40284434
08/05/97 1:00:00,8.152996063,202.041687,0.414802611
08/05/97 1:05:00,8.144589424,201.580246,0.406125069
08/05/97 1:10:00,8.151396751,202.0487976,0.405896187
08/05/97 1:15:00,8.154198647,201.9473724,0.393688768
08/05/97 1:20:00,8.153538704,201.8459473,0.424665064
08/05/97 1:25:00,8.131180763,201.4879608,0.436414719
08/05/97 1:30:00,8.152653694,201.7076874,0.436414689
08/05/97 1:35:00,8.138774872,201.7796783,0.416119903
08/05/97 1:40:00,8.146232605,201.3561249,0.393688768
08/05/97 1:45:00,8.137332916,201.366272,0.393688768
08/05/97 1:50:00,8.143315315,201.4169922,0.41162619
08/05/97 1:55:00,8.137432098,201.8043823,0.442518353
08/05/97 2:00:00,8.129337311,201.8966675,0.442518383
08/05/97 2:05:00,8.138585091,201.6286011,0.427570581
08/05/97 2:10:00,8.148845673,201.2110901,0.427259117
08/05/97 2:15:00,8.143071175,201.3609161,0.44557023
08/05/97 2:20:00,8.144658089,201.5406952,0.44557026
08/05/97 2:25:00,8.15428257,201.2242737,0.419536084
08/05/97 2:30:00,8.14262867,201.7662048,0.411999881
08/05/97 2:35:00,8.14337635,201.8356018,0.41554004
08/05/97 2:40:00,7.956099033,201.9049988,0.418103576
08/05/97 2:45:00,7.802880764,201.9743652,0.418103576
08/05/97 2:50:00,7.656495571,202.1509247,0.403027445
08/05/97 2:55:00,7.611652851,201.2242737,0.386669546
08/05/97 3:00:00,7.619122505,201.4220428,0.415051758
08/05/97 3:05:00,7.632000446,201.5000763,0.378429532
08/05/97 3:10:00,7.610042095,201.5528259,0.371562868
08/05/97 3:15:00,7.609675884,201.6055603,0.347911
08/05/97 3:20:00,7.616992474,201.6582947,0.34791097
08/05/97 3:25:00,7.391863823,201.7110138,0.34791097
08/05/97 3:30:00,7.381420612,201.8307495,0.323496193
08/05/97 3:35:00,7.360582829,201.975769,0.350413501
08/05/97 3:40:00,7.373600483,201.2845612,0.350962818
08/05/97 3:45:00,7.314426899,200.8155823,0.350962818
08/05/97 3:50:00,7.294892788,201.2316132,0.342036188
08/05/97 3:55:00,7.291871548,201.0851135,0.322873354
08/05/97 4:00:00,7.340769291,200.8165436,0.317392498
08/05/97 4:05:00,7.36638689,200.8636169,0.324640661
08/05/97 4:10:00,7.385222912,200.9106903,0.332651764
08/05/97 4:15:00,7.388669491,201.4846649,0.325177848
08/05/97 4:20:00,7.420110703,201.31987,0.286873996
08/05/97 4:25:00,7.439520359,200.8743134,0.286873996
08/05/97 4:30:00,7.430791855,200.8143768,0.286873996
08/05/97 4:35:00,7.423688889,200.8946838,0.286873996
08/05/97 4:40:00,7.61452055,200.7481842,0.286873996
08/05/97 4:45:00,7.640842915,200.3739166,0.278084666
08/05/97 4:50:00,7.637516499,200.2640381,0.277718455
08/05/97 4:55:00,7.745368958,201.5242157,0.244584039
08/05/97 5:00:00,7.753923416,200.5453186,0.234992519
08/05/97 5:05:00,7.752922535,200.2618713,0.282784492
08/05/97 5:10:00,7.735862732,200.8287811,0.287240207
08/05/97 5:15:00,7.760002613,201.166275,0.238044396
08/05/97 5:20:00,7.74495697,200.7961884,0.253303617
08/05/97 5:25:00,7.733329296,200.8349915,0.253303617
08/05/97 5:30:00,7.708068371,200.873764,0.250007629
08/05/97 5:35:00,7.632138252,200.9125366,0.234992519
08/05/97 5:40:00,7.637325764,201.125412,0.234992519
08/05/97 5:45:00,7.644330025,201.1573486,0.289925843
08/05/97 5:50:00,7.653199673,201.0052338,0.289925843
08/05/97 5:55:00,7.639124393,200.8531036,0.289925843
08/05/97 6:00:00,7.656834602,200.5571747,0.234992519
08/05/97 6:05:00,7.657735348,200.1300201,0.241468415
08/05/97 6:10:00,7.648573399,200.9078522,0.203134179
08/05/97 6:15:00,7.647336006,201.0891418,0.186162904
08/05/97 6:20:00,7.649281502,200.466217,0.208288833
08/05/97 6:25:00,7.649617195,200.3805084,0.223761722
08/05/97 6:30:00,7.633058071,201.0977173,0.228888825
08/05/97 6:35:00,7.643507481,200.6046448,0.228888825
08/05/97 6:40:00,7.654744148,200.0575104,0.233373195
08/05/97 6:45:00,7.456148148,200.3871155,0.241096228
08/05/97 6:50:00,7.413640499,201.4220428,0.177007377
08/05/97 6:55:00,7.410428524,200.6342926,0.177007362
08/05/97 7:00:00,7.39354229,200.3572845,0.238044396
08/05/97 7:05:00,7.343149662,200.2944946,0.219733268
08/05/97 7:10:00,7.331041813,200.23172,0.219733268
08/05/97 7:15:00,7.359489918,200.1689301,0.195318475
08/05/97 7:20:00,7.402722836,199.9058838,0.216681436
08/05/97 7:25:00,7.425886154,200.149765,0.216681421
08/05/97 7:30:00,7.425214767,200.4436035,0.192266613
08/05/97 7:35:00,7.429738522,200.3023376,0.199407965
08/05/97 7:40:00,7.493868828,200.161087,0.201422185
08/05/97 7:45:00,7.485311508,199.9981689,0.201422185
08/05/97 7:50:00,7.512863636,199.9981842,0.207220703
08/05/97 7:55:00,7.467925549,199.7246094,0.210730314
08/05/97 8:00:00,7.451546192,199.6696625,0.207525879
08/05/97 8:05:00,7.439375401,199.6147308,0.207525879
08/05/97 8:10:00,7.440992832,199.5598145,0.20821254
08/05/97 8:15:00,7.365122795,199.5048676,0.210577711
08/05/97 8:20:00,7.358744621,199.6242218,0.213629574
08/05/97 8:25:00,7.344859123,199.7440796,0.215826899
08/05/97 8:30:00,7.244606018,199.8639221,0.225836977
08/05/97 8:35:00,7.189123154,200.2109985,0.189214751
08/05/97 8:40:00,7.177862167,199.9284821,0.189214766
08/05/97 8:45:00,7.178563595,200.2618713,0.207525864
08/05/97 8:50:00,7.038147926,199.7800446,0.202792391
08/05/97 8:55:00,7.040535927,199.8999023,0.201422185
08/05/97 9:00:00,7.039231777,200.2355042,0.201422185
08/05/97 9:05:00,7.03116703,200.1972504,0.188146621
08/05/97 9:10:00,7.015271187,200.1313324,0.193731517
08/05/97 9:15:00,7.006470203,200.3146057,0.20142217
08/05/97 9:20:00,6.996124268,200.3014069,0.180059209
08/05/97 9:25:00,7.064851761,200.2072449,0.180059209
08/05/97 9:30:00,7.072176456,200.1130524,0.180059224
08/05/97 9:35:00,7.08370018,200.0188904,0.177007362
08/05/97 9:40:00,7.080088615,200.2354889,0.177007362
08/05/97 9:45:00,7.194897652,200.0890045,0.177007362
08/05/97 9:50:00,7.189421177,199.6145172,0.164799958
08/05/97 9:55:00,7.191603184,199.6804352,0.164799958
08/05/97 10:00:00,7.288583279,200.0904694,0.182744846
08/05/97 10:05:00,7.29999733,199.9146729,0.183111057
08/05/97 10:10:00,7.296364784,199.4154358,0.166447952
08/05/97 10:15:00,7.293466091,199.5472717,0.161748096
08/05/97 10:20:00,7.366771221,200.2117615,0.177236244
08/05/97 10:25:00,7.408620358,199.6455078,0.19638662
08/05/97 10:30:00,7.39880085,198.9943085,0.201422185
08/05/97 10:35:00,7.475821495,199.276825,0.201422185
08/05/97 10:40:00,7.496090412,199.5601654,0.197073281
08/05/97 10:45:00,7.501198292,199.4869232,0.192266613
08/05/97 10:50:00,7.508789539,199.0753021,0.213629588
08/05/97 10:55:00,7.557413101,199.5570984,0.213629574
08/05/97 11:00:00,7.619672775,199.4372559,0.20142217
08/05/97 11:05:00,7.6102705,199.1016541,0.20142217
08/05/97 11:10:00,7.62276125,199.3175507,0.20142217
08/05/97 11:15:00,7.720908642,199.1280212,0.207525864
08/05/97 11:20:00,7.729423046,199.7024689,0.207525864
08/05/97 11:25:00,7.711447716,198.877533,0.220801428
08/05/97 11:30:00,7.731437206,199.4444427,0.225836977
08/05/97 11:35:00,7.76604557,199.7476807,0.225836977
08/05/97 11:40:00,7.774758339,199.622406,0.220038459
08/05/97 11:45:00,7.772393227,199.3422699,0.210577711
08/05/97 11:50:00,7.857234001,199.5499115,0.210577711
08/05/97 11:55:00,7.845966816,199.5367279,0.210577711
08/05/97 12:00:00,7.853126526,199.5433197,0.207525879
08/05/97 12:05:00,7.845942497,199.2027588,0.198553413
08/05/97 12:10:00,7.942966938,199.3455658,0.198370308
08/05/97 12:15:00,7.931730747,199.2680969,0.207525864
08/05/97 12:20:00,7.932646275,199.9454498,0.207525864
08/05/97 12:25:00,8.028809547,199.9712677,0.203041524
08/05/97 12:30:00,8.001747131,199.9437866,0.195318475
08/05/97 12:35:00,8.013153076,199.9163208,0.195318475
08/05/97 12:40:00,8.045342445,199.8888702,0.20355846
08/05/97 12:45:00,8.109322548,199.8663483,0.232490003
08/05/97 12:50:00,8.13312149,199.9586182,0.234992519
08/05/97 12:55:00,8.124833107,200.0527954,0.234992519
08/05/97 13:00:00,8.161369324,200.1469574,0.246955797
08/05/97 13:05:00,8.234184265,200.2411346,0.27042377
08/05/97 13:10:00,8.217627525,200.393692,0.27161473
08/05/97 13:15:00,8.224326134,200.393692,0.280770302
08/05/97 13:20:00,8.284310341,200.3805237,0.310416877
08/05/97 13:25:00,8.326224327,200.5874939,0.331202149
08/05/97 13:30:00,8.334068298,200.7852631,0.329599917
08/05/97 13:35:00,8.327280045,200.818222,0.329599917
08/05/97 13:40:00,8.367089272,200.3642883,0.347453237
08/05/97 13:45:00,8.370995522,200.3135834,0.408948034
08/05/97 13:50:00,8.385180473,200.2628632,0.408948064
08/05/97 13:55:00,8.378749847,200.7760468,0.408948034
08/05/97 14:00:00,8.347576141,200.4414978,NaN
08/05/97 14:05:00,8.389447212,200.5238953,0.488296151
08/05/97 14:10:00,8.614292145,200.6062927,0.488296151
08/05/97 14:15:00,8.339747429,200.6886902,0.601947069
08/05/97 14:20:00,8.311143875,200.7710724,0.628070951
08/05/97 14:25:00,8.327119827,201.0924377,0.62593466
08/05/97 14:30:00,8.230475426,201.4352264,0.619525731
08/05/97 14:35:00,8.165837288,200.8419495,0.677510917
08/05/97 14:40:00,8.142521858,200.763382,0.687810898
08/05/97 14:45:00,8.167675018,200.7369995,0.716147363
08/05/97 14:50:00,8.083109856,200.7106476,0.683614612
08/05/97 14:55:00,8.060878754,200.6842651,0.683614612
08/05/97 15:00:00,8.081612587,200.6578979,0.595110953
08/05/97 15:05:00,8.053834915,200.3999329,0.565202773
08/05/97 15:10:00,8.07562542,200.4346313,0.564592421
08/05/97 15:15:00,8.053389549,200.4693298,0.524918437
08/05/97 15:20:00,8.061232567,200.5040283,0.503494382
08/05/97 15:25:00,8.047029495,200.930542,0.481963575
08/05/97 15:30:00,8.053827286,200.9832916,0.476088792
08/05/97 15:35:00,8.058000565,201.036026,0.471663564
08/05/97 15:40:00,8.049953461,201.0887451,0.462904751
08/05/97 15:45:00,8.044966698,201.1414795,0.457777679
08/05/97 15:50:00,8.045930862,200.9474182,0.427259147
08/05/97 15:55:00,8.052431107,200.7999115,0.423139155
08/05/97 16:00:00,8.147678375,200.6763153,0.408948034
08/05/97 16:05:00,8.159092903,200.5527344,0.408948034
08/05/97 16:10:00,8.150120735,200.6485901,0.407608181
08/05/97 16:15:00,8.161699295,200.5123444,0.40284434
08/05/97 16:20:00,8.252922058,200.9568329,0.341807306
08/05/97 16:25:00,8.243983269,201.0510101,0.346613973
08/05/97 16:30:00,8.242821693,201.19133,0.363170266
08/05/97 16:35:00,8.280526161,200.953186,0.396740615
08/05/97 16:40:00,8.337938309,200.9943848,0.393993974
08/05/97 16:45:00,8.354595184,201.0355835,0.381481379
08/05/97 16:50:00,8.357122421,201.5802612,0.375377655
08/05/97 16:55:00,8.425831795,201.5802612,0.375377655
08/05/97 17:00:00,8.459769249,201.5802612,0.396304637
08/05/97 17:05:00,8.4631567,201.5802612,0.411023289
08/05/97 17:10:00,8.468672752,201.5802307,0.434965074
08/05/97 17:15:00,8.555582047,201.8872528,0.442518383
08/05/97 17:20:00,8.553949356,201.5011444,0.442518383
08/05/97 17:25:00,8.565477371,201.4780884,0.477309465
08/05/97 17:30:00,8.542298317,201.6428833,0.533524513
08/05/97 17:35:00,8.544926643,201.8076782,0.531022072
08/05/97 17:40:00,8.520546913,201.9983826,0.531022072
08/05/97 17:45:00,8.50539875,201.6066132,0.567644298
08/05/97 17:50:00,8.427090645,201.5156555,0.663350344
08/05/97 17:55:00,8.428364754,201.4497375,0.689107895
08/05/97 18:00:00,8.403920174,201.7780151,0.695822001
08/05/97 18:05:00,8.390773773,201.9164429,0.704672396
08/05/97 18:10:00,8.276604652,201.9625854,0.690328717
08/05/97 18:15:00,8.268318176,201.8546448,0.677510917
08/05/97 18:20:00,8.271149635,201.7310333,0.677510917
08/05/97 18:25:00,8.265907288,201.6074371,0.672030032
08/05/97 18:30:00,8.270308495,201.4962006,0.643940568
08/05/97 18:35:00,8.267609596,201.578598,0.601214647
08/05/97 18:40:00,8.262261391,201.6609955,0.601214647
08/05/97 18:45:00,8.269312859,201.9559937,0.601214647
08/05/97 18:50:00,8.261879921,201.8461304,0.532181799
08/05/97 18:55:00,8.278120995,201.7362671,0.479522109
08/05/97 19:00:00,8.279831886,202.107605,0.466933191
08/05/97 19:05:00,8.277909279,202.107605,0.453657627
08/05/97 19:10:00,8.26094532,201.6329803,0.426496148
08/05/97 19:15:00,8.272332191,201.9678497,0.418103576
08/05/97 19:20:00,8.291091919,202.07547,0.396359116
08/05/97 19:25:00,8.318750381,202.0342712,0.372325808
08/05/97 19:30:00,8.308671951,201.9930878,0.372325808
08/05/97 19:35:00,8.338465691,201.6160278,0.375377655
08/05/97 19:40:00,8.382341385,201.7102051,0.37469098
08/05/97 19:45:00,8.379878998,201.8043671,0.368480474
08/05/97 19:50:00,8.368190765,202.09758,0.350962847
08/05/97 19:55:00,8.38338089,202.071228,0.350962847
08/05/97 20:00:00,8.383609772,202.0448608,NaN
08/05/97 20:05:00,8.370653152,202.0184937,0.372325808
08/05/97 20:10:00,8.354564667,201.9921265,0.374817133
08/05/97 20:15:00,8.43614769,201.7120819,0.387585074
08/05/97 20:20:00,8.430556297,201.7120819,0.38160345
08/05/97 20:25:00,8.433446884,202.2275848,0.381481349
08/05/97 20:30:00,8.374294281,202.1616516,0.381481379
08/05/97 20:35:00,8.29062748,202.0957489,0.381481379
08/05/97 20:40:00,8.29446125,202.0298309,0.416882873
08/05/97 20:45:00,8.278229713,201.7384491,0.442518383
08/05/97 20:50:00,8.273720741,201.7200012,0.442518383
08/05/97 20:55:00,8.295633316,201.7639465,0.442518383
08/05/97 21:00:00,8.222510338,201.8078918,NaN
08/05/97 21:05:00,8.137248039,202.1998901,0.399792463
08/05/97 21:10:00,8.13674736,202.121994,0.395308137
08/05/97 21:15:00,8.131839752,202.0021362,0.372325808
08/05/97 21:20:00,8.017540932,201.7441254,0.415051758
08/05/97 21:25:00,7.9758358,202.0944214,0.415051758
08/05/97 21:30:00,7.973418713,202.2368164,0.378429502
08/05/97 21:35:00,7.961340904,202.3686523,0.378429502
08/05/97 21:40:00,7.952012539,201.1946106,0.378429502
08/05/97 21:45:00,7.962828636,201.3099823,0.42420727
08/05/97 21:50:00,7.979552746,201.9177399,0.350962847
08/05/97 21:55:00,7.758080006,201.7120819,0.350962818
08/05/97 22:00:00,7.762901783,201.7120819,0.350962877
08/05/97 22:05:00,7.749931812,201.7120819,0.362025827
08/05/97 22:10:00,7.750908375,202.1320801,0.364009529
08/05/97 22:15:00,7.76005125,201.8495941,0.363170266
08/05/97 22:20:00,7.770226479,201.7335052,0.363170266
08/05/97 22:25:00,7.761613846,201.7609863,0.334406555
08/05/97 22:30:00,7.753862381,201.7884521,0.323496193
08/05/97 22:35:00,7.762550831,201.8159027,0.326984048
08/05/97 22:40:00,7.75036478,201.8433838,0.328150272
08/05/97 22:45:00,7.776573658,201.08255,0.32654804
08/05/97 22:50:00,7.876553059,201.6725311,0.318700433
08/05/97 22:55:00,7.904759884,201.4528046,0.305185139
08/05/97 23:00:00,7.898282051,201.210144,0.305185139
08/05/97 23:05:00,7.894833565,201.3514099,0.302133232
08/05/97 23:10:00,8.040079117,201.4926758,0.302133232
08/05/97 23:15:00,8.047822952,201.6646271,0.283822149
08/05/97 23:20:00,8.046993256,201.0924377,0.305185109
08/05/97 23:25:00,8.153416634,201.160553,0.305185109
08/05/97 23:30:00,8.182348251,202.0944214,0.302133203
08/05/97 23:35:00,8.190105438,202.2130737,0.26663214
08/05/97 23:40:00,8.193292618,201.059494,0.300607324
08/05/97 23:45:00,8.293008804,201.2374725,0.317392528
08/05/97 23:50:00,8.322656631,200.7826233,0.317392498
08/05/97 23:55:00,8.348064423,201.627121,0.299996972
08/06/97 0:00:00,8.369304657,201.4806366,0.280770302
08/06/97 0:05:00,8.426984787,200.9553375,0.305185109
08/06/97 0:10:00,8.436079025,200.9012756,0.305185109
08/06/97 0:15:00,8.438611984,201.1263428,0.356028914
08/06/97 0:20:00,8.46739769,202.0548706,0.333262086
08/06/97 0:25:00,8.503677368,202.0358429,0.32654807
08/06/97 0:30:00,8.456778526,201.3824921,NaN
08/06/97 0:35:00,8.349796295,200.8535004,0.381481379
08/06/97 0:40:00,8.238777161,201.3956757,0.403903157
08/06/97 0:45:00,8.208205223,201.7714233,0.518814683
08/06/97 0:50:00,8.198882103,201.4879608,0.509659111
08/06/97 0:55:00,8.1179533,200.8023987,0.509659111
08/06/97 1:00:00,8.012519836,200.5650787,NaN
08/06/97 1:05:00,7.912045956,201.1715546,0.5218665
08/06/97 1:10:00,7.712790489,201.4088593,0.513626516
08/06/97 1:15:00,7.579042912,201.1891174,0.485244334
08/06/97 1:20:00,7.572515488,200.7035217,0.485244304
08/06/97 1:25:00,7.575457096,200.9679413,0.485244304
08/06/97 1:30:00,7.365032673,200.8214417,0.482192487
08/06/97 1:35:00,7.21639967,200.5030365,0.488171577
08/06/97 1:40:00,7.203726768,200.4642639,0.488296151
08/06/97 1:45:00,7.21299696,200.4254913,NaN
08/06/97 1:50:00,7.19606638,200.037735,0.469985038
08/06/97 1:55:00,7.206646919,200.5123596,0.469985038
08/06/97 2:00:00,7.197106838,201.0133362,NaN
08/06/97 2:05:00,7.190008163,200.5865021,0.393688768
08/06/97 2:10:00,7.297451973,200.9078674,0.393688768
08/06/97 2:15:00,7.307517052,200.921051,0.357798994
08/06/97 2:20:00,7.30112648,200.3074036,0.357066602
08/06/97 2:25:00,7.528312206,200.4272461,0.33813265
08/06/97 2:30:00,7.549760342,200.8815002,0.332651764
08/06/97 2:35:00,7.582841873,200.921051,0.328012943
08/06/97 2:40:00,7.584160805,200.4332275,0.311517686
08/06/97 2:45:00,7.797807217,200.4839478,0.280770302
08/06/97 2:50:00,7.822339535,201.0001526,0.274666578
08/06/97 2:55:00,7.82658577,200.427597,0.282219917
08/06/97 3:00:00,7.937101364,200.615921,0.308236957
08/06/97 3:05:00,7.977385998,201.0739899,0.27161473
08/06/97 3:10:00,7.966887474,201.1979218,0.275460064
08/06/97 3:15:00,7.956480503,200.1300049,0.292977691
08/06/97 3:20:00,8.087843895,200.1300049,0.292977691
08/06/97 3:25:00,8.101791382,200.6046448,0.292977691
08/06/97 3:30:00,8.126926422,200.3989716,0.393688768
08/06/97 3:35:00,8.103163719,200.0014496,0.349436939
08/06/97 3:40:00,8.106593132,199.8366699,0.343714714
08/06/97 3:45:00,8.097498894,199.6026459,0.347911
08/06/97 3:50:00,8.113841057,201.0232239,0.347911
08/06/97 3:55:00,8.115451813,200.5123596,0.314279616
08/06/97 4:00:00,8.112990379,200.3101959,0.289925873
08/06/97 4:05:00,8.108683586,199.8927155,0.316831976
08/06/97 4:10:00,8.116318703,200.3673401,0.351901889
08/06/97 4:15:00,8.108959198,200.3013916,0.303752601
08/06/97 4:20:00,8.120197296,200.2072296,0.280770302
08/06/97 4:25:00,8.122829437,199.7740631,0.280770302
08/06/97 4:30:00,8.095846176,199.1016541,0.301697284
08/06/97 4:35:00,8.052278519,199.8874207,0.331888795
08/06/97 4:40:00,8.051401138,200.6375885,0.332651764
08/06/97 4:45:00,8.049165726,200.6125336,0.262459189
08/06/97 4:50:00,7.941270351,199.8927155,0.291488975
08/06/97 4:55:00,7.936705112,200.081665,0.292977691
08/06/97 5:00:00,7.933365822,200.499176,0.378429532
08/06/97 5:05:00,7.925901413,200.3819733,0.280236214
08/06/97 5:10:00,7.805459976,199.3126068,0.277718455
08/06/97 5:15:00,7.790002346,199.1544037,0.302133203
08/06/97 5:20:00,7.783489704,199.3363342,0.33053416
08/06/97 5:25:00,7.78894949,199.7728424,0.338755488
08/06/97 5:30:00,7.793011189,199.6529846,0.338755459
08/06/97 5:35:00,7.784020901,199.3747559,0.323679328
08/06/97 5:40:00,7.783265591,199.4689178,0.297708064
08/06/97 5:45:00,7.773804665,200.3673401,0.292977691
08/06/97 5:50:00,7.786041737,199.7410736,0.228888839
08/06/97 5:55:00,7.770318031,198.9055634,0.228888825
08/06/97 6:00:00,7.779595375,199.152771,0.228888825
08/06/97 6:05:00,7.798181057,199.5070801,0.259407341
08/06/97 6:10:00,7.795892239,199.3422699,0.259407341
08/06/97 6:15:00,7.795989513,198.8511658,0.259407341
08/06/97 6:20:00,7.784753323,198.9961853,0.305185109
08/06/97 6:25:00,7.792886257,199.4708099,0.305185139
08/06/97 6:30:00,7.788369656,199.4708099,0.212508485
08/06/97 6:35:00,7.794152737,199.0720062,0.210577711
08/06/97 6:40:00,7.783341885,199.2368011,0.241553992
08/06/97 6:45:00,7.787103176,199.7938385,0.253303617
08/06/97 6:50:00,7.79902029,199.0291443,0.240256965
08/06/97 6:55:00,7.796313286,198.5268402,0.225836977
08/06/97 7:00:00,7.805948257,198.6560516,NaN
08/06/97 7:05:00,7.80237484,199.2598724,0.280770302
08/06/97 7:10:00,7.804284573,199.8366699,0.272530317
08/06/97 7:15:00,7.805154324,199.2071381,0.234992519
08/06/97 7:20:00,7.816911697,198.422699,0.297773451
08/06/97 7:25:00,7.805482864,198.5215607,0.299081385
08/06/97 7:30:00,7.736930847,199.3768921,0.244148076
08/06/97 7:35:00,7.669912338,199.1296692,0.253425688
08/06/97 7:40:00,7.647107124,199.0708923,0.256355494
08/06/97 7:45:00,7.65991354,199.4708099,0.256355494
08/06/97 7:50:00,7.522941113,199.4708252,0.266975939
08/06/97 7:55:00,7.463118553,199.4708252,0.274666607
08/06/97 8:00:00,7.470504284,199.4708252,NaN
08/06/97 8:05:00,7.459044456,198.8478699,0.225836977
08/06/97 8:10:00,7.454298973,198.6830902,0.225836977
08/06/97 8:15:00,7.46618557,198.4688263,0.225836977
08/06/97 8:20:00,7.474380016,198.3084259,0.247199938
08/06/97 8:25:00,7.690336227,198.1985474,0.247199938
08/06/97 8:30:00,7.727543354,198.0886841,0.22278513
08/06/97 8:35:00,7.721243858,198.00737,0.234748363
08/06/97 8:40:00,7.73000288,198.2758636,0.234992519
08/06/97 8:45:00,7.974563122,198.0960846,NaN
08/06/97 8:50:00,7.982867241,198.4556427,0.2227851
08/06/97 8:55:00,7.996329784,198.6753845,0.229651764
08/06/97 9:00:00,8.134555817,198.8925934,0.253303617
08/06/97 9:05:00,8.144627571,198.6100769,0.228888825
08/06/97 9:10:00,8.144499779,198.1293335,0.236442164
08/06/97 9:15:00,8.140294075,198.052597,0.262459189
08/06/97 9:20:00,8.291323662,198.4029083,0.262459189
08/06/97 9:25:00,8.29927063,198.3167114,0.262459189
08/06/97 9:30:00,8.301980972,198.2153015,NaN
08/06/97 9:35:00,8.322916031,197.9480591,0.40284434
08/06/97 9:40:00,8.448274612,198.3205109,0.40284434
08/06/97 9:45:00,8.460097313,197.9480591,0.40284434
08/06/97 9:50:00,8.449584007,198.318161,0.50050354
08/06/97 9:55:00,8.574083328,198.506485,0.50050354
08/06/97 10:00:00,8.596468925,198.4292755,NaN
08/06/97 10:05:00,8.602057457,198.4546509,0.695822001
08/06/97 10:10:00,8.590167046,198.5560455,0.695822001
08/06/97 10:15:00,8.573717117,198.6574707,0.800456882
08/06/97 10:20:00,8.5841856,198.9434509,0.903805673
08/06/97 10:25:00,8.55818367,198.9434509,0.993969142
08/06/97 10:30:00,8.54185009,198.4688263,1.019318223
08/06/97 10:35:00,8.514435768,198.6583557,1.120212436
08/06/97 10:40:00,8.496927261,198.9276276,1.197912455
08/06/97 10:45:00,8.507470131,198.8397369,1.205481172
08/06/97 10:50:00,8.469733238,198.7518616,1.205481172
08/06/97 10:55:00,8.473013878,198.3238068,1.205481172
08/06/97 11:00:00,8.463222504,197.8014069,1.274269938
08/06/97 11:05:00,8.44685173,198.048584,1.355960965
08/06/97 11:10:00,8.403698921,198.631424,1.358073711
08/06/97 11:15:00,8.397467613,198.8511505,NaN
08/06/97 11:20:00,8.375102997,198.4886017,1.3702811
08/06/97 11:25:00,8.352977753,198.0421448,1.3702811
08/06/97 11:30:00,8.3667593,198.1620026,1.375761867
08/06/97 11:35:00,8.358282089,198.2818604,1.40385139
08/06/97 11:40:00,8.372951508,198.7265167,1.40385139
08/06/97 11:45:00,8.324192047,198.7864532,1.303140402
08/06/97 11:50:00,8.338297844,198.8463745,1.303140521
08/06/97 11:55:00,8.338895798,198.9062958,1.303140402
08/06/97 12:00:00,8.336833,198.8643494,NaN
08/06/97 12:05:00,8.30491066,199.2268982,1.245155215
08/06/97 12:10:00,8.295846939,198.8577728,1.258888602
08/06/97 12:15:00,8.314078331,198.6665802,1.30619216
08/06/97 12:20:00,8.410817146,199.1074219,1.281777382
08/06/97 12:25:00,8.405548096,199.1486359,1.281777501
08/06/97 12:30:00,8.404309273,199.1898346,1.281777501
08/06/97 12:35:00,8.387615204,199.1148376,1.087455511
08/06/97 12:40:00,8.544541359,198.8599548,1.083407044
08/06/97 12:45:00,8.557451248,198.5611115,1.07730341
08/06/97 12:50:00,8.699889183,199.1199951,1.041596651
08/06/97 12:55:00,8.85310173,199.1773376,1.033539891
08/06/97 13:00:00,8.88061142,199.2346497,1.031525612
08/06/97 13:05:00,8.868862152,199.2919617,1.073564887
08/06/97 13:10:00,8.887203217,199.6949615,1.166951537
08/06/97 13:15:00,8.858631134,199.6663818,1.196325541
08/06/97 13:20:00,8.861142159,200.125061,1.26181829
08/06/97 13:25:00,8.878487587,200.0975952,1.309244037
08/06/97 13:30:00,8.868087769,200.0701447,1.309244037
08/06/97 13:35:00,8.882596016,200.0426636,1.446577311
08/06/97 13:40:00,8.86574173,200.0151978,1.482950449
08/06/97 13:45:00,8.873538017,199.8937073,1.669362545
08/06/97 13:50:00,8.882771492,200.0458374,1.669362545
08/06/97 13:55:00,8.887691498,200.1979523,1.669362545
08/06/97 14:00:00,8.885519028,200.4250031,1.71819222
08/06/97 14:05:00,8.872348785,200.5074005,1.771752119
08/06/97 14:10:00,8.867749214,200.5898285,1.832636476
08/06/97 14:15:00,8.871883392,200.6721954,1.84942162
08/06/97 14:20:00,8.866140366,200.7546082,1.884823203
08/06/97 14:25:00,8.890613556,200.879303,1.904660106
08/06/97 14:30:00,8.832692146,200.7694397,1.898251295
08/06/97 14:35:00,8.823188782,200.6595764,1.914487123
08/06/97 14:40:00,8.838405609,200.5497131,1.944963336
08/06/97 14:45:00,8.745612144,200.4892731,1.965391874
08/06/97 14:50:00,8.749481201,200.654068,1.953184605
08/06/97 14:55:00,8.741989136,200.9886017,1.953184605
08/06/97 15:00:00,8.729154587,200.9062347,1.895199418
08/06/97 15:05:00,8.707457542,200.8238068,1.859492898
08/06/97 15:10:00,8.701360703,200.7414093,1.858577371
08/06/97 15:15:00,8.689017296,200.6590118,1.818903208
08/06/97 15:20:00,8.668905258,200.525528,1.809976578
08/06/97 15:25:00,8.661897659,200.525528,1.809747696
08/06/97 15:30:00,8.671957016,200.525528,1.712088466
08/06/97 15:35:00,8.655537605,201.0001526,1.712088346
08/06/97 15:40:00,8.67904377,200.5683746,1.654539227
08/06/97 15:45:00,8.673627853,200.6233063,1.611377358
08/06/97 15:50:00,8.675924301,200.6782532,1.580858946
08/06/97 15:55:00,8.684270859,200.7331848,1.571520209
08/06/97 16:00:00,8.718405724,200.7881317,1.528977275
08/06/97 16:05:00,8.709299088,200.3277893,1.528977275
08/06/97 16:10:00,8.713461876,200.9166718,1.528977275
08/06/97 16:15:00,8.708249092,201.2720642,1.483199596
08/06/97 16:20:00,8.720419884,201.0248871,1.453444004
08/06/97 16:25:00,8.723570824,200.5549927,1.455047846
08/06/97 16:30:00,8.709860802,200.6325531,1.455732942
08/06/97 16:35:00,8.715592384,200.7101135,1.468123436
08/06/97 16:40:00,8.715402603,200.787674,1.461149931
08/06/97 16:45:00,8.712558746,200.4210968,1.443525553
08/06/97 16:50:00,8.712363243,200.5731964,1.421781182
08/06/97 16:55:00,8.720023155,200.7253265,1.391949177
08/06/97 17:00:00,8.727011681,201.0027924,1.385540366
08/06/97 17:05:00,8.719022751,200.8709564,1.385540366
08/06/97 17:10:00,8.683944702,200.5387115,1.391338944
08/06/97 17:15:00,8.670209885,200.6119537,1.400799632
08/06/97 17:20:00,8.665516853,200.4728088,1.373332977
08/06/97 17:25:00,8.643874168,200.7408752,1.373333097
08/06/97 17:30:00,8.62069416,201.0397034,NaN
08/06/97 17:35:00,8.599185944,201.052887,1.336710691
08/06/97 17:40:00,8.544095993,201.052887,1.331217408
08/06/97 17:45:00,8.517395973,201.052887,1.309549212
08/06/97 17:50:00,8.492598534,201.052887,1.297036648
08/06/97 17:55:00,8.473732948,201.052887,1.297036648
08/06/97 18:00:00,8.445875168,201.10672,NaN
08/06/97 18:05:00,8.396588326,201.1616821,1.242103338
08/06/97 18:10:00,8.391308784,201.2165985,1.228919387
08/06/97 18:15:00,8.38297081,201.2715302,1.168859005
08/06/97 18:20:00,8.249848366,200.9606018,1.135288596
08/06/97 18:25:00,8.240456581,201.1794586,1.135288596
08/06/97 18:30:00,8.24719429,201.0133362,1.110873699
08/06/97 18:35:00,8.201141357,200.7935944,1.077684879
08/06/97 18:40:00,8.165569305,200.8815002,1.079256535
08/06/97 18:45:00,8.172680855,201.0265198,1.089510798
08/06/97 18:50:00,8.154072762,200.9452209,1.069216013
08/06/97 18:55:00,8.063570023,200.6771545,1.026605248
08/06/97 19:00:00,8.068819046,201.1583557,0.985374212
08/06/97 19:05:00,8.040468216,201.0411682,0.952177584
08/06/97 19:10:00,8.041274071,200.565094,0.952177525
08/06/97 19:15:00,8.027657509,200.6062775,1.019318223
08/06/97 19:20:00,8.034539223,200.6886749,0.992538214
08/06/97 19:25:00,8.031702042,200.7710876,1.00137341
08/06/97 19:30:00,7.993811131,200.8535004,1.004058957
08/06/97 19:35:00,8.000259399,201.0397034,1.001739502
08/06/97 19:40:00,8.003670692,200.5606842,0.996581912
08/06/97 19:45:00,7.998703003,200.609024,0.991851628
08/06/97 19:50:00,8.07904911,200.7661438,0.991851628
08/06/97 19:55:00,8.050661087,200.7549286,0.991851628
08/06/97 20:00:00,8.048135757,200.6573639,0.985747874
08/06/97 20:05:00,8.04785347,200.6573639,0.976775408
08/06/97 20:10:00,8.146587372,200.6573639,0.976592302
08/06/97 20:15:00,8.150555611,200.6573639,NaN
08/06/97 20:20:00,8.146922112,200.6573639,0.982695937
08/06/97 20:25:00,8.187005043,201.1847229,0.973082662
08/06/97 20:30:00,8.215773582,201.1847229,0.939970076
08/06/97 20:35:00,8.235590935,201.1847076,0.961333036
08/06/97 20:40:00,8.225897789,200.7101135,0.961333096
08/06/97 20:45:00,8.264504433,200.8726959,0.961333036
08/06/97 20:50:00,8.297647476,201.1616516,0.921658933
08/06/97 20:55:00,8.293252945,200.921051,0.921659052
08/06/97 21:00:00,8.343955994,200.921051,0.915679932
08/06/97 21:05:00,8.321825027,200.921051,0.891750872
08/06/97 21:10:00,8.358600616,200.921051,0.891140521
08/06/97 21:15:00,8.333108902,200.921051,0.878933072
08/06/97 21:20:00,8.352924347,200.921051,0.878933132
08/06/97 21:25:00,8.334040642,200.921051,0.866725683
08/06/97 21:30:00,8.343369484,201.4246674,0.857570112
08/06/97 21:35:00,8.348773956,200.8419495,0.850321949
08/06/97 21:40:00,8.389111519,200.7892303,0.842310846
08/06/97 21:45:00,8.383739471,200.7892303,NaN
08/06/97 21:50:00,8.40118885,200.7892303,0.84841454
08/06/97 21:55:00,8.401947021,201.2283478,0.845667899
08/06/97 22:00:00,8.394024849,201.0762177,0.833155334
08/06/97 22:05:00,8.389202118,200.9241028,0.851466417
08/06/97 22:10:00,8.405664444,201.061676,0.851466417
08/06/97 22:15:00,8.432828903,200.8920593,0.839259088
08/06/97 22:20:00,8.451010704,201.3165741,0.806373775
08/06/97 22:25:00,8.406201363,201.3165588,0.805688739
08/06/97 22:30:00,8.278542519,200.8165436,0.802636862
08/06/97 22:35:00,8.178741455,200.8636169,0.787759006
08/06/97 22:40:00,8.036667824,200.9106903,0.782616675
08/06/97 22:45:00,7.995812893,201.1731873,0.781273842
08/06/97 22:50:00,7.990563869,200.9259949,0.781273842
08/06/97 22:55:00,7.986724854,200.329422,0.791421235
08/06/97 23:00:00,7.994971752,200.2470245,0.802636802
08/06/97 23:05:00,7.995617867,200.1646271,0.732444227
08/06/97 23:10:00,7.971930981,200.0822296,0.732444167
08/06/97 23:15:00,7.9922328,199.9998322,0.756859064
08/06/97 23:20:00,7.988997936,200.3356934,0.756859004
08/06/97 23:25:00,7.984649181,200.4728088,0.756859004
08/06/97 23:30:00,8.057405472,200.3343506,0.744651616
08/06/97 23:35:00,8.05465889,200.0047455,0.775170207
08/06/97 23:40:00,8.067995071,200.3400269,0.775170147
08/06/97 23:45:00,8.065199852,200.198761,0.711081326
08/06/97 23:50:00,8.098460197,200.0574951,0.731910169
08/06/97 23:55:00,8.119747162,199.8179932,0.732444227
08/07/97 0:00:00,8.119523048,199.9190826,0.741599798
